PID,PID,Geo,Sum of Cost_per_box,SPID,Sum of Amount
P01,P01,Australia,5.26,SP01,22707
P01,P01,Australia,5.26,SP02,31097.25
P01,P01,Australia,5.26,SP03,38724.75
P01,P01,Australia,5.26,SP05,9177.75
P01,P01,Australia,5.26,SP06,20711.25
P01,P01,Australia,5.26,SP07,37469.25
P01,P01,Australia,5.26,SP08,8016.75
P01,P01,Australia,5.26,SP09,21107.25
P01,P01,Australia,5.26,SP10,21339
P01,P01,Australia,5.26,SP12,15144.75
P01,P01,Australia,5.26,SP13,11223
P01,P01,Australia,5.26,SP14,8284.5
P01,P01,Australia,5.26,SP15,10104.75
P01,P01,Australia,5.26,SP16,8106.75
P01,P01,Australia,5.26,SP17,26010
P01,P01,Australia,5.26,SP18,37554.75
P01,P01,Australia,5.26,SP22,10602
P01,P01,Australia,5.26,SP23,24277.5
P01,P01,Australia,5.26,SP24,2119.5
P01,P01,Australia,5.26,SP25,5980.5
P01,P01,Canada,5.26,SP01,24669
P01,P01,Canada,5.26,SP02,24138
P01,P01,Canada,5.26,SP04,5404.5
P01,P01,Canada,5.26,SP06,16130.25
P01,P01,Canada,5.26,SP07,6540.75
P01,P01,Canada,5.26,SP08,6268.5
P01,P01,Canada,5.26,SP09,11130.75
P01,P01,Canada,5.26,SP11,2758.5
P01,P01,Canada,5.26,SP13,1676.25
P01,P01,Canada,5.26,SP14,2835
P01,P01,Canada,5.26,SP16,17883
P01,P01,Canada,5.26,SP19,10728
P01,P01,Canada,5.26,SP21,10145.25
P01,P01,Canada,5.26,SP23,2925
P01,P01,Canada,5.26,SP25,4034.25
P01,P01,India,5.26,SP01,35541
P01,P01,India,5.26,SP02,59181.75
P01,P01,India,5.26,SP03,11193.75
P01,P01,India,5.26,SP04,2119.5
P01,P01,India,5.26,SP06,51846.75
P01,P01,India,5.26,SP07,16821
P01,P01,India,5.26,SP08,46689.75
P01,P01,India,5.26,SP09,37361.25
P01,P01,India,5.26,SP10,17365.5
P01,P01,India,5.26,SP11,17617.5
P01,P01,India,5.26,SP12,18303.75
P01,P01,India,5.26,SP13,49194
P01,P01,India,5.26,SP14,10626.75
P01,P01,India,5.26,SP15,14523.75
P01,P01,India,5.26,SP16,16238.25
P01,P01,India,5.26,SP17,17354.25
P01,P01,India,5.26,SP18,18200.25
P01,P01,India,5.26,SP19,32787
P01,P01,India,5.26,SP20,2805.75
P01,P01,India,5.26,SP21,8802
P01,P01,India,5.26,SP22,24943.5
P01,P01,India,5.26,SP23,8831.25
P01,P01,India,5.26,SP24,15709.5
P01,P01,India,5.26,SP25,17079.75
P01,P01,New Zealand,5.26,SP01,31972.5
P01,P01,New Zealand,5.26,SP02,4497.75
P01,P01,New Zealand,5.26,SP03,10316.25
P01,P01,New Zealand,5.26,SP04,18760.5
P01,P01,New Zealand,5.26,SP05,13477.5
P01,P01,New Zealand,5.26,SP07,10912.5
P01,P01,New Zealand,5.26,SP08,9843.75
P01,P01,New Zealand,5.26,SP09,12051
P01,P01,New Zealand,5.26,SP10,18891
P01,P01,New Zealand,5.26,SP12,18128.25
P01,P01,New Zealand,5.26,SP13,9463.5
P01,P01,New Zealand,5.26,SP15,6941.25
P01,P01,New Zealand,5.26,SP16,13455
P01,P01,New Zealand,5.26,SP17,2376
P01,P01,New Zealand,5.26,SP18,23112
P01,P01,New Zealand,5.26,SP19,17635.5
P01,P01,New Zealand,5.26,SP21,26786.25
P01,P01,New Zealand,5.26,SP22,8851.5
P01,P01,New Zealand,5.26,SP23,11144.25
P01,P01,New Zealand,5.26,SP24,13558.5
P01,P01,New Zealand,5.26,SP25,27724.5
P01,P01,UK,5.26,SP01,55041.75
P01,P01,UK,5.26,SP02,20443.5
P01,P01,UK,5.26,SP03,38972.25
P01,P01,UK,5.26,SP04,18024.75
P01,P01,UK,5.26,SP05,16841.25
P01,P01,UK,5.26,SP06,26534.25
P01,P01,UK,5.26,SP07,3798
P01,P01,UK,5.26,SP08,36751.5
P01,P01,UK,5.26,SP09,16083
P01,P01,UK,5.26,SP10,36668.25
P01,P01,UK,5.26,SP12,21237.75
P01,P01,UK,5.26,SP13,16593.75
P01,P01,UK,5.26,SP14,17219.25
P01,P01,UK,5.26,SP15,7827.75
P01,P01,UK,5.26,SP16,6401.25
P01,P01,UK,5.26,SP17,23107.5
P01,P01,UK,5.26,SP18,61776
P01,P01,UK,5.26,SP19,13113
P01,P01,UK,5.26,SP20,1370.25
P01,P01,UK,5.26,SP21,40488.75
P01,P01,UK,5.26,SP22,34368.75
P01,P01,UK,5.26,SP23,1149.75
P01,P01,UK,5.26,SP24,1851.75
P01,P01,UK,5.26,SP25,3021.75
P01,P01,USA,5.26,SP01,13466.25
P01,P01,USA,5.26,SP02,21285
P01,P01,USA,5.26,SP03,16499.25
P01,P01,USA,5.26,SP05,9290.25
P01,P01,USA,5.26,SP06,16706.25
P01,P01,USA,5.26,SP07,33536.25
P01,P01,USA,5.26,SP08,12782.25
P01,P01,USA,5.26,SP09,15711.75
P01,P01,USA,5.26,SP10,6727.5
P01,P01,USA,5.26,SP11,43242.75
P01,P01,USA,5.26,SP12,21948.75
P01,P01,USA,5.26,SP13,3870
P01,P01,USA,5.26,SP14,9405
P01,P01,USA,5.26,SP16,533.25
P01,P01,USA,5.26,SP17,18450
P01,P01,USA,5.26,SP18,38499.75
P01,P01,USA,5.26,SP19,19307.25
P01,P01,USA,5.26,SP20,12872.25
P01,P01,USA,5.26,SP21,9798.75
P01,P01,USA,5.26,SP22,55701
P01,P01,USA,5.26,SP23,15783.75
P01,P01,USA,5.26,SP24,1095.75
P02,P02,Australia,7.48,SP01,7904.25
P02,P02,Australia,7.48,SP03,5753.25
P02,P02,Australia,7.48,SP04,2493
P02,P02,Australia,7.48,SP07,72
P02,P02,Australia,7.48,SP08,13000.5
P02,P02,Australia,7.48,SP10,8124.75
P02,P02,Australia,7.48,SP13,6781.5
P02,P02,Australia,7.48,SP15,3179.25
P02,P02,Australia,7.48,SP16,13666.5
P02,P02,Australia,7.48,SP20,3696.75
P02,P02,Australia,7.48,SP21,12305.25
P02,P02,Australia,7.48,SP22,227.25
P02,P02,Australia,7.48,SP23,2913.75
P02,P02,Canada,7.48,SP11,3348
P02,P02,Canada,7.48,SP16,7384.5
P02,P02,Canada,7.48,SP17,949.5
P02,P02,Canada,7.48,SP18,6563.25
P02,P02,Canada,7.48,SP22,3289.5
P02,P02,India,7.48,SP01,15003
P02,P02,India,7.48,SP03,4554
P02,P02,India,7.48,SP06,3728.25
P02,P02,India,7.48,SP07,12669.75
P02,P02,India,7.48,SP08,4871.25
P02,P02,India,7.48,SP10,4938.75
P02,P02,India,7.48,SP11,6048
P02,P02,India,7.48,SP12,13394.25
P02,P02,India,7.48,SP13,7857
P02,P02,India,7.48,SP15,14202
P02,P02,India,7.48,SP17,8410.5
P02,P02,India,7.48,SP18,2925
P02,P02,India,7.48,SP20,4677.75
P02,P02,India,7.48,SP23,1111.5
P02,P02,India,7.48,SP25,5550.75
P02,P02,New Zealand,7.48,SP01,7348.5
P02,P02,New Zealand,7.48,SP02,5044.5
P02,P02,New Zealand,7.48,SP03,2844
P02,P02,New Zealand,7.48,SP06,6115.5
P02,P02,New Zealand,7.48,SP08,15687
P02,P02,New Zealand,7.48,SP18,587.25
P02,P02,New Zealand,7.48,SP21,1712.25
P02,P02,New Zealand,7.48,SP22,1323
P02,P02,New Zealand,7.48,SP23,2002.5
P02,P02,UK,7.48,SP01,5460.75
P02,P02,UK,7.48,SP07,7179.75
P02,P02,UK,7.48,SP08,8257.5
P02,P02,UK,7.48,SP11,294.75
P02,P02,UK,7.48,SP13,1149.75
P02,P02,UK,7.48,SP16,10786.5
P02,P02,UK,7.48,SP17,6975
P02,P02,UK,7.48,SP18,8718.75
P02,P02,UK,7.48,SP22,16524
P02,P02,UK,7.48,SP24,3613.5
P02,P02,UK,7.48,SP25,6180.75
P02,P02,USA,7.48,SP01,11130.75
P02,P02,USA,7.48,SP02,2344.5
P02,P02,USA,7.48,SP03,1489.5
P02,P02,USA,7.48,SP04,9195.75
P02,P02,USA,7.48,SP06,5395.5
P02,P02,USA,7.48,SP07,2891.25
P02,P02,USA,7.48,SP08,1575
P02,P02,USA,7.48,SP09,9234
P02,P02,USA,7.48,SP13,3327.75
P02,P02,USA,7.48,SP18,3453.75
P02,P02,USA,7.48,SP19,1080
P03,P03,Australia,5.15,SP01,10316.25
P03,P03,Australia,5.15,SP03,6837.75
P03,P03,Australia,5.15,SP06,3735
P03,P03,Australia,5.15,SP07,19833.75
P03,P03,Australia,5.15,SP08,10836
P03,P03,Australia,5.15,SP09,938.25
P03,P03,Australia,5.15,SP10,22061.25
P03,P03,Australia,5.15,SP12,2504.25
P03,P03,Australia,5.15,SP13,8844.75
P03,P03,Australia,5.15,SP15,14994
P03,P03,Australia,5.15,SP22,5523.75
P03,P03,Australia,5.15,SP25,7344
P03,P03,Canada,5.15,SP21,8235
P03,P03,India,5.15,SP01,429.75
P03,P03,India,5.15,SP03,4122
P03,P03,India,5.15,SP05,18042.75
P03,P03,India,5.15,SP07,20866.5
P03,P03,India,5.15,SP08,15342.75
P03,P03,India,5.15,SP10,16593.75
P03,P03,India,5.15,SP13,27783
P03,P03,India,5.15,SP14,6729.75
P03,P03,India,5.15,SP18,2243.25
P03,P03,India,5.15,SP21,7607.25
P03,P03,India,5.15,SP25,9058.5
P03,P03,New Zealand,5.15,SP01,21377.25
P03,P03,New Zealand,5.15,SP02,7056
P03,P03,New Zealand,5.15,SP07,7364.25
P03,P03,New Zealand,5.15,SP16,6750
P03,P03,New Zealand,5.15,SP17,10136.25
P03,P03,New Zealand,5.15,SP20,1752.75
P03,P03,New Zealand,5.15,SP22,6813
P03,P03,UK,5.15,SP01,16445.25
P03,P03,UK,5.15,SP02,5118.75
P03,P03,UK,5.15,SP03,21557.25
P03,P03,UK,5.15,SP04,12100.5
P03,P03,UK,5.15,SP05,5361.75
P03,P03,UK,5.15,SP06,4612.5
P03,P03,UK,5.15,SP07,7305.75
P03,P03,UK,5.15,SP08,6439.5
P03,P03,UK,5.15,SP13,20443.5
P03,P03,UK,5.15,SP14,5256
P03,P03,UK,5.15,SP15,14746.5
P03,P03,UK,5.15,SP16,1885.5
P03,P03,UK,5.15,SP18,11542.5
P03,P03,UK,5.15,SP19,2873.25
P03,P03,UK,5.15,SP22,10262.25
P03,P03,USA,5.15,SP01,2686.5
P03,P03,USA,5.15,SP02,6504.75
P03,P03,USA,5.15,SP03,6313.5
P03,P03,USA,5.15,SP05,13830.75
P03,P03,USA,5.15,SP07,25373.25
P03,P03,USA,5.15,SP08,9677.25
P03,P03,USA,5.15,SP18,12555
P03,P03,USA,5.15,SP19,26268.75
P03,P03,USA,5.15,SP20,6612.75
P03,P03,USA,5.15,SP23,8948.25
P03,P03,USA,5.15,SP24,1824.75
P03,P03,USA,5.15,SP25,940.5
P04,P04,Australia,3.85,SP01,37386
P04,P04,Australia,3.85,SP02,30773.25
P04,P04,Australia,3.85,SP03,18303.75
P04,P04,Australia,3.85,SP04,37239.75
P04,P04,Australia,3.85,SP05,13520.25
P04,P04,Australia,3.85,SP06,58083.75
P04,P04,Australia,3.85,SP07,37066.5
P04,P04,Australia,3.85,SP08,12854.25
P04,P04,Australia,3.85,SP09,26187.75
P04,P04,Australia,3.85,SP10,9774
P04,P04,Australia,3.85,SP11,17948.25
P04,P04,Australia,3.85,SP13,37318.5
P04,P04,Australia,3.85,SP14,7238.25
P04,P04,Australia,3.85,SP15,25067.25
P04,P04,Australia,3.85,SP16,14382
P04,P04,Australia,3.85,SP17,12438
P04,P04,Australia,3.85,SP18,11423.25
P04,P04,Australia,3.85,SP21,22648.5
P04,P04,Australia,3.85,SP22,13268.25
P04,P04,Australia,3.85,SP23,2421
P04,P04,Australia,3.85,SP24,15626.25
P04,P04,Australia,3.85,SP25,13693.5
P04,P04,Canada,3.85,SP01,36567
P04,P04,Canada,3.85,SP02,29002.5
P04,P04,Canada,3.85,SP03,12021.75
P04,P04,Canada,3.85,SP04,6653.25
P04,P04,Canada,3.85,SP06,22878
P04,P04,Canada,3.85,SP07,35048.25
P04,P04,Canada,3.85,SP08,2974.5
P04,P04,Canada,3.85,SP09,33270.75
P04,P04,Canada,3.85,SP10,12717
P04,P04,Canada,3.85,SP11,2540.25
P04,P04,Canada,3.85,SP12,8304.75
P04,P04,Canada,3.85,SP13,6860.25
P04,P04,Canada,3.85,SP14,4527
P04,P04,Canada,3.85,SP17,13119.75
P04,P04,Canada,3.85,SP18,618.75
P04,P04,Canada,3.85,SP19,459
P04,P04,Canada,3.85,SP20,9243
P04,P04,Canada,3.85,SP21,3723.75
P04,P04,Canada,3.85,SP23,22234.5
P04,P04,India,3.85,SP01,67383
P04,P04,India,3.85,SP02,36049.5
P04,P04,India,3.85,SP03,53172
P04,P04,India,3.85,SP04,10930.5
P04,P04,India,3.85,SP05,20783.25
P04,P04,India,3.85,SP06,19440
P04,P04,India,3.85,SP07,62948.25
P04,P04,India,3.85,SP08,47407.5
P04,P04,India,3.85,SP09,51736.5
P04,P04,India,3.85,SP10,40628.25
P04,P04,India,3.85,SP11,38180.25
P04,P04,India,3.85,SP12,28291.5
P04,P04,India,3.85,SP13,25123.5
P04,P04,India,3.85,SP14,4135.5
P04,P04,India,3.85,SP15,17496
P04,P04,India,3.85,SP16,31592.25
P04,P04,India,3.85,SP17,23895
P04,P04,India,3.85,SP18,25971.75
P04,P04,India,3.85,SP19,48163.5
P04,P04,India,3.85,SP20,2821.5
P04,P04,India,3.85,SP21,11457
P04,P04,India,3.85,SP22,40567.5
P04,P04,India,3.85,SP23,19287
P04,P04,India,3.85,SP24,4252.5
P04,P04,India,3.85,SP25,8327.25
P04,P04,New Zealand,3.85,SP01,16125.75
P04,P04,New Zealand,3.85,SP02,23802.75
P04,P04,New Zealand,3.85,SP03,29983.5
P04,P04,New Zealand,3.85,SP04,11270.25
P04,P04,New Zealand,3.85,SP05,20162.25
P04,P04,New Zealand,3.85,SP06,24565.5
P04,P04,New Zealand,3.85,SP07,17381.25
P04,P04,New Zealand,3.85,SP08,26577
P04,P04,New Zealand,3.85,SP09,36294.75
P04,P04,New Zealand,3.85,SP10,22911.75
P04,P04,New Zealand,3.85,SP11,1471.5
P04,P04,New Zealand,3.85,SP12,31954.5
P04,P04,New Zealand,3.85,SP13,24653.25
P04,P04,New Zealand,3.85,SP15,4313.25
P04,P04,New Zealand,3.85,SP16,11270.25
P04,P04,New Zealand,3.85,SP17,28419.75
P04,P04,New Zealand,3.85,SP18,29063.25
P04,P04,New Zealand,3.85,SP19,38304
P04,P04,New Zealand,3.85,SP22,27051.75
P04,P04,New Zealand,3.85,SP23,12480.75
P04,P04,UK,3.85,SP01,82237.5
P04,P04,UK,3.85,SP02,21966.75
P04,P04,UK,3.85,SP03,31925.25
P04,P04,UK,3.85,SP04,16582.5
P04,P04,UK,3.85,SP05,7949.25
P04,P04,UK,3.85,SP06,57114
P04,P04,UK,3.85,SP07,85209.75
P04,P04,UK,3.85,SP08,49702.5
P04,P04,UK,3.85,SP09,42918.75
P04,P04,UK,3.85,SP10,42894
P04,P04,UK,3.85,SP11,53743.5
P04,P04,UK,3.85,SP12,9258.75
P04,P04,UK,3.85,SP13,9463.5
P04,P04,UK,3.85,SP14,16438.5
P04,P04,UK,3.85,SP15,12271.5
P04,P04,UK,3.85,SP16,23724
P04,P04,UK,3.85,SP17,24720.75
P04,P04,UK,3.85,SP18,28813.5
P04,P04,UK,3.85,SP19,30384
P04,P04,UK,3.85,SP20,11639.25
P04,P04,UK,3.85,SP21,28752.75
P04,P04,UK,3.85,SP22,22558.5
P04,P04,UK,3.85,SP23,22815
P04,P04,UK,3.85,SP24,18279
P04,P04,UK,3.85,SP25,6851.25
P04,P04,USA,3.85,SP01,33232.5
P04,P04,USA,3.85,SP02,15228
P04,P04,USA,3.85,SP03,26610.75
P04,P04,USA,3.85,SP04,44716.5
P04,P04,USA,3.85,SP05,41910.75
P04,P04,USA,3.85,SP06,54504
P04,P04,USA,3.85,SP07,2733.75
P04,P04,USA,3.85,SP08,17572.5
P04,P04,USA,3.85,SP09,48789
P04,P04,USA,3.85,SP10,45227.25
P04,P04,USA,3.85,SP11,22817.25
P04,P04,USA,3.85,SP12,22648.5
P04,P04,USA,3.85,SP13,35577
P04,P04,USA,3.85,SP14,4326.75
P04,P04,USA,3.85,SP15,7346.25
P04,P04,USA,3.85,SP16,26484.75
P04,P04,USA,3.85,SP17,21723.75
P04,P04,USA,3.85,SP18,23010.75
P04,P04,USA,3.85,SP19,26239.5
P04,P04,USA,3.85,SP20,11196
P04,P04,USA,3.85,SP21,31425.75
P04,P04,USA,3.85,SP22,31848.75
P04,P04,USA,3.85,SP23,7879.5
P04,P04,USA,3.85,SP24,5879.25
P04,P04,USA,3.85,SP25,432
P05,P05,Australia,5.72,SP01,38812.5
P05,P05,Australia,5.72,SP02,31711.5
P05,P05,Australia,5.72,SP03,11999.25
P05,P05,Australia,5.72,SP04,14514.75
P05,P05,Australia,5.72,SP05,37631.25
P05,P05,Australia,5.72,SP06,38454.75
P05,P05,Australia,5.72,SP07,34220.25
P05,P05,Australia,5.72,SP08,14982.75
P05,P05,Australia,5.72,SP09,26275.5
P05,P05,Australia,5.72,SP10,12165.75
P05,P05,Australia,5.72,SP11,11243.25
P05,P05,Australia,5.72,SP12,14942.25
P05,P05,Australia,5.72,SP13,8073
P05,P05,Australia,5.72,SP15,1440
P05,P05,Australia,5.72,SP16,5251.5
P05,P05,Australia,5.72,SP17,13477.5
P05,P05,Australia,5.72,SP18,24462
P05,P05,Australia,5.72,SP19,17097.75
P05,P05,Australia,5.72,SP21,44750.25
P05,P05,Australia,5.72,SP22,11106
P05,P05,Australia,5.72,SP23,9211.5
P05,P05,Australia,5.72,SP24,12062.25
P05,P05,Australia,5.72,SP25,12354.75
P05,P05,Canada,5.72,SP01,10804.5
P05,P05,Canada,5.72,SP02,5087.25
P05,P05,Canada,5.72,SP04,11205
P05,P05,Canada,5.72,SP07,6275.25
P05,P05,Canada,5.72,SP08,7481.25
P05,P05,Canada,5.72,SP09,16002
P05,P05,Canada,5.72,SP11,5517
P05,P05,Canada,5.72,SP12,5976
P05,P05,Canada,5.72,SP13,4567.5
P05,P05,Canada,5.72,SP15,1719
P05,P05,Canada,5.72,SP17,8536.5
P05,P05,Canada,5.72,SP18,7470
P05,P05,Canada,5.72,SP19,2835
P05,P05,Canada,5.72,SP20,6014.25
P05,P05,Canada,5.72,SP21,353.25
P05,P05,Canada,5.72,SP23,3449.25
P05,P05,India,5.72,SP01,31043.25
P05,P05,India,5.72,SP02,9650.25
P05,P05,India,5.72,SP03,30282.75
P05,P05,India,5.72,SP04,7015.5
P05,P05,India,5.72,SP05,4043.25
P05,P05,India,5.72,SP06,36699.75
P05,P05,India,5.72,SP07,36339.75
P05,P05,India,5.72,SP08,17241.75
P05,P05,India,5.72,SP09,16301.25
P05,P05,India,5.72,SP10,31142.25
P05,P05,India,5.72,SP11,6102
P05,P05,India,5.72,SP12,17379
P05,P05,India,5.72,SP13,11385
P05,P05,India,5.72,SP14,7249.5
P05,P05,India,5.72,SP15,2198.25
P05,P05,India,5.72,SP16,32744.25
P05,P05,India,5.72,SP17,36558
P05,P05,India,5.72,SP18,41739.75
P05,P05,India,5.72,SP19,14098.5
P05,P05,India,5.72,SP20,528.75
P05,P05,India,5.72,SP21,17914.5
P05,P05,India,5.72,SP22,24662.25
P05,P05,India,5.72,SP23,33342.75
P05,P05,India,5.72,SP24,21793.5
P05,P05,India,5.72,SP25,10581.75
P05,P05,New Zealand,5.72,SP01,19233
P05,P05,New Zealand,5.72,SP02,2430
P05,P05,New Zealand,5.72,SP03,8604
P05,P05,New Zealand,5.72,SP04,14924.25
P05,P05,New Zealand,5.72,SP06,16341.75
P05,P05,New Zealand,5.72,SP07,1914.75
P05,P05,New Zealand,5.72,SP08,2632.5
P05,P05,New Zealand,5.72,SP09,25078.5
P05,P05,New Zealand,5.72,SP10,27839.25
P05,P05,New Zealand,5.72,SP11,8158.5
P05,P05,New Zealand,5.72,SP12,189
P05,P05,New Zealand,5.72,SP13,2898
P05,P05,New Zealand,5.72,SP14,12735
P05,P05,New Zealand,5.72,SP15,15891.75
P05,P05,New Zealand,5.72,SP16,3370.5
P05,P05,New Zealand,5.72,SP17,14667.75
P05,P05,New Zealand,5.72,SP18,20144.25
P05,P05,New Zealand,5.72,SP19,9717.75
P05,P05,New Zealand,5.72,SP21,13387.5
P05,P05,New Zealand,5.72,SP22,8178.75
P05,P05,New Zealand,5.72,SP25,2391.75
P05,P05,UK,5.72,SP01,60468.75
P05,P05,UK,5.72,SP02,10788.75
P05,P05,UK,5.72,SP03,23501.25
P05,P05,UK,5.72,SP04,27281.25
P05,P05,UK,5.72,SP05,20531.25
P05,P05,UK,5.72,SP06,17057.25
P05,P05,UK,5.72,SP07,42718.5
P05,P05,UK,5.72,SP08,11031.75
P05,P05,UK,5.72,SP09,26005.5
P05,P05,UK,5.72,SP10,9841.5
P05,P05,UK,5.72,SP11,11522.25
P05,P05,UK,5.72,SP12,5411.25
P05,P05,UK,5.72,SP13,15986.25
P05,P05,UK,5.72,SP14,11992.5
P05,P05,UK,5.72,SP15,3255.75
P05,P05,UK,5.72,SP16,18380.25
P05,P05,UK,5.72,SP17,16848
P05,P05,UK,5.72,SP18,13963.5
P05,P05,UK,5.72,SP19,17473.5
P05,P05,UK,5.72,SP20,6806.25
P05,P05,UK,5.72,SP21,26469
P05,P05,UK,5.72,SP22,39030.75
P05,P05,UK,5.72,SP23,20886.75
P05,P05,UK,5.72,SP24,13425.75
P05,P05,UK,5.72,SP25,13466.25
P05,P05,USA,5.72,SP01,17721
P05,P05,USA,5.72,SP02,20925
P05,P05,USA,5.72,SP03,27409.5
P05,P05,USA,5.72,SP04,9526.5
P05,P05,USA,5.72,SP05,6246
P05,P05,USA,5.72,SP06,31790.25
P05,P05,USA,5.72,SP07,25341.75
P05,P05,USA,5.72,SP08,19626.75
P05,P05,USA,5.72,SP09,13844.25
P05,P05,USA,5.72,SP10,8428.5
P05,P05,USA,5.72,SP11,19968.75
P05,P05,USA,5.72,SP13,38227.5
P05,P05,USA,5.72,SP14,4353.75
P05,P05,USA,5.72,SP15,18506.25
P05,P05,USA,5.72,SP16,33691.5
P05,P05,USA,5.72,SP17,21901.5
P05,P05,USA,5.72,SP18,2848.5
P05,P05,USA,5.72,SP21,27783
P05,P05,USA,5.72,SP22,9915.75
P05,P05,USA,5.72,SP23,16204.5
P05,P05,USA,5.72,SP24,4266
P05,P05,USA,5.72,SP25,16573.5
P06,P06,Australia,6.31,SP01,9508.5
P06,P06,Australia,6.31,SP02,8131.5
P06,P06,Australia,6.31,SP03,12147.75
P06,P06,Australia,6.31,SP04,9236.25
P06,P06,Australia,6.31,SP05,2913.75
P06,P06,Australia,6.31,SP06,13223.25
P06,P06,Australia,6.31,SP08,5841
P06,P06,Australia,6.31,SP09,2486.25
P06,P06,Australia,6.31,SP10,7641
P06,P06,Australia,6.31,SP11,2245.5
P06,P06,Australia,6.31,SP14,7134.75
P06,P06,Australia,6.31,SP16,6174
P06,P06,Australia,6.31,SP17,711
P06,P06,Australia,6.31,SP18,8883
P06,P06,Australia,6.31,SP19,4160.25
P06,P06,Australia,6.31,SP21,11227.5
P06,P06,Australia,6.31,SP22,6599.25
P06,P06,Canada,6.31,SP02,3417.75
P06,P06,Canada,6.31,SP03,6815.25
P06,P06,Canada,6.31,SP06,1307.25
P06,P06,Canada,6.31,SP08,1138.5
P06,P06,Canada,6.31,SP09,123.75
P06,P06,Canada,6.31,SP11,747
P06,P06,Canada,6.31,SP16,10030.5
P06,P06,Canada,6.31,SP18,3129.75
P06,P06,India,6.31,SP01,15000.75
P06,P06,India,6.31,SP02,26318.25
P06,P06,India,6.31,SP03,4803.75
P06,P06,India,6.31,SP04,407.25
P06,P06,India,6.31,SP05,15529.5
P06,P06,India,6.31,SP06,13493.25
P06,P06,India,6.31,SP07,17903.25
P06,P06,India,6.31,SP08,5118.75
P06,P06,India,6.31,SP09,17484.75
P06,P06,India,6.31,SP10,3933
P06,P06,India,6.31,SP11,8698.5
P06,P06,India,6.31,SP12,6466.5
P06,P06,India,6.31,SP13,5580
P06,P06,India,6.31,SP16,13592.25
P06,P06,India,6.31,SP17,16335
P06,P06,India,6.31,SP18,8167.5
P06,P06,India,6.31,SP21,9931.5
P06,P06,India,6.31,SP22,4360.5
P06,P06,India,6.31,SP24,3991.5
P06,P06,New Zealand,6.31,SP01,1012.5
P06,P06,New Zealand,6.31,SP04,2256.75
P06,P06,New Zealand,6.31,SP06,20045.25
P06,P06,New Zealand,6.31,SP07,16440.75
P06,P06,New Zealand,6.31,SP10,2529
P06,P06,New Zealand,6.31,SP14,1973.25
P06,P06,New Zealand,6.31,SP15,7926.75
P06,P06,New Zealand,6.31,SP17,14220
P06,P06,New Zealand,6.31,SP18,11243.25
P06,P06,New Zealand,6.31,SP19,4056.75
P06,P06,New Zealand,6.31,SP23,4758.75
P06,P06,UK,6.31,SP01,26410.5
P06,P06,UK,6.31,SP02,13689
P06,P06,UK,6.31,SP03,4225.5
P06,P06,UK,6.31,SP04,4248
P06,P06,UK,6.31,SP05,8655.75
P06,P06,UK,6.31,SP06,4815
P06,P06,UK,6.31,SP07,1773
P06,P06,UK,6.31,SP08,24624
P06,P06,UK,6.31,SP09,1053
P06,P06,UK,6.31,SP10,8451
P06,P06,UK,6.31,SP11,1863
P06,P06,UK,6.31,SP13,681.75
P06,P06,UK,6.31,SP14,1626.75
P06,P06,UK,6.31,SP16,5143.5
P06,P06,UK,6.31,SP17,2929.5
P06,P06,UK,6.31,SP18,7681.5
P06,P06,UK,6.31,SP22,10138.5
P06,P06,UK,6.31,SP23,7319.25
P06,P06,UK,6.31,SP24,7663.5
P06,P06,USA,6.31,SP01,8005.5
P06,P06,USA,6.31,SP02,4338
P06,P06,USA,6.31,SP04,150.75
P06,P06,USA,6.31,SP05,5454
P06,P06,USA,6.31,SP06,3462.75
P06,P06,USA,6.31,SP07,15162.75
P06,P06,USA,6.31,SP08,10748.25
P06,P06,USA,6.31,SP09,12170.25
P06,P06,USA,6.31,SP10,6297.75
P06,P06,USA,6.31,SP12,7697.25
P06,P06,USA,6.31,SP13,7179.75
P06,P06,USA,6.31,SP15,2362.5
P06,P06,USA,6.31,SP16,12242.25
P06,P06,USA,6.31,SP17,14874.75
P06,P06,USA,6.31,SP18,16474.5
P06,P06,USA,6.31,SP21,6396.75
P06,P06,USA,6.31,SP22,3190.5
P06,P06,USA,6.31,SP25,5611.5
P07,P07,Australia,9.94,SP01,41737.5
P07,P07,Australia,9.94,SP03,11697.75
P07,P07,Australia,9.94,SP04,8653.5
P07,P07,Australia,9.94,SP05,6342.75
P07,P07,Australia,9.94,SP06,15540.75
P07,P07,Australia,9.94,SP07,35910
P07,P07,Australia,9.94,SP08,29227.5
P07,P07,Australia,9.94,SP09,11308.5
P07,P07,Australia,9.94,SP10,23244.75
P07,P07,Australia,9.94,SP11,14836.5
P07,P07,Australia,9.94,SP12,25836.75
P07,P07,Australia,9.94,SP13,23046.75
P07,P07,Australia,9.94,SP14,9954
P07,P07,Australia,9.94,SP16,22731.75
P07,P07,Australia,9.94,SP17,16647.75
P07,P07,Australia,9.94,SP18,38760.75
P07,P07,Australia,9.94,SP19,5256
P07,P07,Australia,9.94,SP20,6819.75
P07,P07,Australia,9.94,SP21,10822.5
P07,P07,Australia,9.94,SP22,5233.5
P07,P07,Australia,9.94,SP23,10557
P07,P07,Australia,9.94,SP24,6567.75
P07,P07,Australia,9.94,SP25,5404.5
P07,P07,Canada,9.94,SP01,6360.75
P07,P07,Canada,9.94,SP02,11193.75
P07,P07,Canada,9.94,SP03,12507.75
P07,P07,Canada,9.94,SP04,16420.5
P07,P07,Canada,9.94,SP06,5559.75
P07,P07,Canada,9.94,SP07,5337
P07,P07,Canada,9.94,SP08,5872.5
P07,P07,Canada,9.94,SP09,3802.5
P07,P07,Canada,9.94,SP10,12917.25
P07,P07,Canada,9.94,SP11,11785.5
P07,P07,Canada,9.94,SP14,10806.75
P07,P07,Canada,9.94,SP16,12123
P07,P07,Canada,9.94,SP19,11290.5
P07,P07,Canada,9.94,SP21,17662.5
P07,P07,Canada,9.94,SP25,5834.25
P07,P07,India,9.94,SP01,32186.25
P07,P07,India,9.94,SP02,21696.75
P07,P07,India,9.94,SP03,30559.5
P07,P07,India,9.94,SP04,22020.75
P07,P07,India,9.94,SP05,9958.5
P07,P07,India,9.94,SP06,37521
P07,P07,India,9.94,SP07,8574.75
P07,P07,India,9.94,SP08,38371.5
P07,P07,India,9.94,SP09,9594
P07,P07,India,9.94,SP10,39330
P07,P07,India,9.94,SP11,17588.25
P07,P07,India,9.94,SP12,12759.75
P07,P07,India,9.94,SP13,28327.5
P07,P07,India,9.94,SP14,9830.25
P07,P07,India,9.94,SP15,9744.75
P07,P07,India,9.94,SP16,28991.25
P07,P07,India,9.94,SP17,25335
P07,P07,India,9.94,SP18,51684.75
P07,P07,India,9.94,SP19,18868.5
P07,P07,India,9.94,SP20,6286.5
P07,P07,India,9.94,SP21,26797.5
P07,P07,India,9.94,SP22,20436.75
P07,P07,India,9.94,SP23,22403.25
P07,P07,India,9.94,SP25,4367.25
P07,P07,New Zealand,9.94,SP01,22934.25
P07,P07,New Zealand,9.94,SP02,10525.5
P07,P07,New Zealand,9.94,SP03,15547.5
P07,P07,New Zealand,9.94,SP04,5094
P07,P07,New Zealand,9.94,SP05,9877.5
P07,P07,New Zealand,9.94,SP06,18087.75
P07,P07,New Zealand,9.94,SP07,14928.75
P07,P07,New Zealand,9.94,SP08,23796
P07,P07,New Zealand,9.94,SP09,12141
P07,P07,New Zealand,9.94,SP10,28719
P07,P07,New Zealand,9.94,SP11,9117
P07,P07,New Zealand,9.94,SP12,17514
P07,P07,New Zealand,9.94,SP13,15759
P07,P07,New Zealand,9.94,SP15,5834.25
P07,P07,New Zealand,9.94,SP17,15570
P07,P07,New Zealand,9.94,SP18,5339.25
P07,P07,New Zealand,9.94,SP21,2875.5
P07,P07,New Zealand,9.94,SP22,4970.25
P07,P07,New Zealand,9.94,SP23,17511.75
P07,P07,New Zealand,9.94,SP25,5643
P07,P07,UK,9.94,SP01,31846.5
P07,P07,UK,9.94,SP02,56407.5
P07,P07,UK,9.94,SP03,27922.5
P07,P07,UK,9.94,SP04,27020.25
P07,P07,UK,9.94,SP05,16767
P07,P07,UK,9.94,SP06,56592
P07,P07,UK,9.94,SP07,10908
P07,P07,UK,9.94,SP08,43269.75
P07,P07,UK,9.94,SP09,26491.5
P07,P07,UK,9.94,SP10,13254.75
P07,P07,UK,9.94,SP11,16452
P07,P07,UK,9.94,SP12,5530.5
P07,P07,UK,9.94,SP13,15864.75
P07,P07,UK,9.94,SP14,6914.25
P07,P07,UK,9.94,SP15,17048.25
P07,P07,UK,9.94,SP16,15313.5
P07,P07,UK,9.94,SP17,16836.75
P07,P07,UK,9.94,SP18,17538.75
P07,P07,UK,9.94,SP19,34105.5
P07,P07,UK,9.94,SP20,10748.25
P07,P07,UK,9.94,SP21,34719.75
P07,P07,UK,9.94,SP22,10901.25
P07,P07,UK,9.94,SP23,6363
P07,P07,UK,9.94,SP24,5829.75
P07,P07,UK,9.94,SP25,9157.5
P07,P07,USA,9.94,SP01,59467.5
P07,P07,USA,9.94,SP02,21071.25
P07,P07,USA,9.94,SP03,29511
P07,P07,USA,9.94,SP04,10557
P07,P07,USA,9.94,SP05,10021.5
P07,P07,USA,9.94,SP06,35698.5
P07,P07,USA,9.94,SP07,27672.75
P07,P07,USA,9.94,SP08,15747.75
P07,P07,USA,9.94,SP09,16231.5
P07,P07,USA,9.94,SP10,25866
P07,P07,USA,9.94,SP11,20468.25
P07,P07,USA,9.94,SP12,6417
P07,P07,USA,9.94,SP13,10197
P07,P07,USA,9.94,SP14,4925.25
P07,P07,USA,9.94,SP15,5550.75
P07,P07,USA,9.94,SP16,16782.75
P07,P07,USA,9.94,SP17,26597.25
P07,P07,USA,9.94,SP18,46505.25
P07,P07,USA,9.94,SP19,7962.75
P07,P07,USA,9.94,SP20,16614
P07,P07,USA,9.94,SP22,5582.25
P07,P07,USA,9.94,SP23,10953
P07,P07,USA,9.94,SP24,19095.75
P07,P07,USA,9.94,SP25,5260.5
P08,P08,Australia,7.73,SP01,12566.25
P08,P08,Australia,7.73,SP02,8127
P08,P08,Australia,7.73,SP03,14634
P08,P08,Australia,7.73,SP04,7258.5
P08,P08,Australia,7.73,SP05,19597.5
P08,P08,Australia,7.73,SP06,42291
P08,P08,Australia,7.73,SP07,22086
P08,P08,Australia,7.73,SP08,34069.5
P08,P08,Australia,7.73,SP09,33122.25
P08,P08,Australia,7.73,SP11,17343
P08,P08,Australia,7.73,SP12,8192.25
P08,P08,Australia,7.73,SP13,36828
P08,P08,Australia,7.73,SP14,10577.25
P08,P08,Australia,7.73,SP15,13257
P08,P08,Australia,7.73,SP16,23528.25
P08,P08,Australia,7.73,SP17,7638.75
P08,P08,Australia,7.73,SP18,59987.25
P08,P08,Australia,7.73,SP19,11304
P08,P08,Australia,7.73,SP20,1329.75
P08,P08,Australia,7.73,SP21,18956.25
P08,P08,Australia,7.73,SP22,8466.75
P08,P08,Australia,7.73,SP23,8691.75
P08,P08,Canada,7.73,SP01,13236.75
P08,P08,Canada,7.73,SP02,8532
P08,P08,Canada,7.73,SP03,14958
P08,P08,Canada,7.73,SP04,11403
P08,P08,Canada,7.73,SP06,6770.25
P08,P08,Canada,7.73,SP07,7116.75
P08,P08,Canada,7.73,SP09,6234.75
P08,P08,Canada,7.73,SP10,35905.5
P08,P08,Canada,7.73,SP12,1287
P08,P08,Canada,7.73,SP16,10311.75
P08,P08,Canada,7.73,SP22,8250.75
P08,P08,Canada,7.73,SP23,15520.5
P08,P08,Canada,7.73,SP25,4565.25
P08,P08,India,7.73,SP01,55878.75
P08,P08,India,7.73,SP02,53347.5
P08,P08,India,7.73,SP03,17689.5
P08,P08,India,7.73,SP04,21172.5
P08,P08,India,7.73,SP05,650.25
P08,P08,India,7.73,SP06,44741.25
P08,P08,India,7.73,SP07,111363.75
P08,P08,India,7.73,SP08,46633.5
P08,P08,India,7.73,SP09,37496.25
P08,P08,India,7.73,SP10,55246.5
P08,P08,India,7.73,SP11,36441
P08,P08,India,7.73,SP12,15624
P08,P08,India,7.73,SP13,35241.75
P08,P08,India,7.73,SP14,11871
P08,P08,India,7.73,SP15,8799.75
P08,P08,India,7.73,SP16,15086.25
P08,P08,India,7.73,SP17,43688.25
P08,P08,India,7.73,SP18,24513.75
P08,P08,India,7.73,SP19,3501
P08,P08,India,7.73,SP20,10554.75
P08,P08,India,7.73,SP21,12397.5
P08,P08,India,7.73,SP22,40072.5
P08,P08,India,7.73,SP23,6059.25
P08,P08,India,7.73,SP24,13252.5
P08,P08,New Zealand,7.73,SP01,38076.75
P08,P08,New Zealand,7.73,SP02,21912.75
P08,P08,New Zealand,7.73,SP03,39017.25
P08,P08,New Zealand,7.73,SP04,41784.75
P08,P08,New Zealand,7.73,SP05,5782.5
P08,P08,New Zealand,7.73,SP06,36796.5
P08,P08,New Zealand,7.73,SP07,9580.5
P08,P08,New Zealand,7.73,SP08,15048
P08,P08,New Zealand,7.73,SP09,47747.25
P08,P08,New Zealand,7.73,SP10,18353.25
P08,P08,New Zealand,7.73,SP11,6815.25
P08,P08,New Zealand,7.73,SP12,11493
P08,P08,New Zealand,7.73,SP13,8203.5
P08,P08,New Zealand,7.73,SP14,1183.5
P08,P08,New Zealand,7.73,SP15,11706.75
P08,P08,New Zealand,7.73,SP16,18717.75
P08,P08,New Zealand,7.73,SP17,11389.5
P08,P08,New Zealand,7.73,SP18,24768
P08,P08,New Zealand,7.73,SP19,6243.75
P08,P08,New Zealand,7.73,SP21,26541
P08,P08,New Zealand,7.73,SP22,5240.25
P08,P08,New Zealand,7.73,SP23,2371.5
P08,P08,New Zealand,7.73,SP24,20679.75
P08,P08,New Zealand,7.73,SP25,14285.25
P08,P08,UK,7.73,SP01,47893.5
P08,P08,UK,7.73,SP02,50985
P08,P08,UK,7.73,SP03,24828.75
P08,P08,UK,7.73,SP04,12982.5
P08,P08,UK,7.73,SP05,15439.5
P08,P08,UK,7.73,SP06,23211
P08,P08,UK,7.73,SP07,30570.75
P08,P08,UK,7.73,SP08,40216.5
P08,P08,UK,7.73,SP09,34704
P08,P08,UK,7.73,SP10,28374.75
P08,P08,UK,7.73,SP11,32501.25
P08,P08,UK,7.73,SP12,11286
P08,P08,UK,7.73,SP13,32926.5
P08,P08,UK,7.73,SP14,13707
P08,P08,UK,7.73,SP15,6219
P08,P08,UK,7.73,SP16,33039
P08,P08,UK,7.73,SP17,25857
P08,P08,UK,7.73,SP18,27733.5
P08,P08,UK,7.73,SP20,29517.75
P08,P08,UK,7.73,SP21,26520.75
P08,P08,UK,7.73,SP22,4916.25
P08,P08,UK,7.73,SP23,16773.75
P08,P08,UK,7.73,SP24,3649.5
P08,P08,UK,7.73,SP25,33259.5
P08,P08,USA,7.73,SP01,52661.25
P08,P08,USA,7.73,SP02,4677.75
P08,P08,USA,7.73,SP03,23265
P08,P08,USA,7.73,SP04,14854.5
P08,P08,USA,7.73,SP05,12431.25
P08,P08,USA,7.73,SP06,29936.25
P08,P08,USA,7.73,SP07,27231.75
P08,P08,USA,7.73,SP08,45695.25
P08,P08,USA,7.73,SP09,20619
P08,P08,USA,7.73,SP10,40581
P08,P08,USA,7.73,SP11,27994.5
P08,P08,USA,7.73,SP12,5973.75
P08,P08,USA,7.73,SP13,7987.5
P08,P08,USA,7.73,SP14,8298
P08,P08,USA,7.73,SP15,10883.25
P08,P08,USA,7.73,SP16,30332.25
P08,P08,USA,7.73,SP17,16661.25
P08,P08,USA,7.73,SP18,30863.25
P08,P08,USA,7.73,SP19,25155
P08,P08,USA,7.73,SP20,7443
P08,P08,USA,7.73,SP21,9317.25
P08,P08,USA,7.73,SP22,46806.75
P08,P08,USA,7.73,SP24,10217.25
P09,P09,Australia,3.68,SP01,24365.25
P09,P09,Australia,3.68,SP02,11702.25
P09,P09,Australia,3.68,SP05,12073.5
P09,P09,Australia,3.68,SP08,13061.25
P09,P09,Australia,3.68,SP11,1509.75
P09,P09,Australia,3.68,SP15,18265.5
P09,P09,Australia,3.68,SP16,1064.25
P09,P09,Australia,3.68,SP17,8572.5
P09,P09,Australia,3.68,SP18,16544.25
P09,P09,Australia,3.68,SP19,12206.25
P09,P09,Australia,3.68,SP25,3703.5
P09,P09,Canada,3.68,SP01,13662
P09,P09,Canada,3.68,SP06,6421.5
P09,P09,Canada,3.68,SP07,3008.25
P09,P09,Canada,3.68,SP08,4662
P09,P09,Canada,3.68,SP12,8336.25
P09,P09,Canada,3.68,SP19,4475.25
P09,P09,Canada,3.68,SP22,542.25
P09,P09,India,3.68,SP01,12075.75
P09,P09,India,3.68,SP02,23568.75
P09,P09,India,3.68,SP03,9402.75
P09,P09,India,3.68,SP04,3935.25
P09,P09,India,3.68,SP05,22574.25
P09,P09,India,3.68,SP07,9733.5
P09,P09,India,3.68,SP08,15795
P09,P09,India,3.68,SP09,13781.25
P09,P09,India,3.68,SP13,5301
P09,P09,India,3.68,SP14,1899
P09,P09,India,3.68,SP18,9506.25
P09,P09,India,3.68,SP21,14112
P09,P09,India,3.68,SP22,10937.25
P09,P09,India,3.68,SP23,5487.75
P09,P09,New Zealand,3.68,SP01,13191.75
P09,P09,New Zealand,3.68,SP04,7242.75
P09,P09,New Zealand,3.68,SP08,9954
P09,P09,New Zealand,3.68,SP10,5247
P09,P09,New Zealand,3.68,SP13,443.25
P09,P09,New Zealand,3.68,SP14,7107.75
P09,P09,New Zealand,3.68,SP24,9634.5
P09,P09,UK,3.68,SP01,9202.5
P09,P09,UK,3.68,SP03,5598
P09,P09,UK,3.68,SP05,3352.5
P09,P09,UK,3.68,SP06,24333.75
P09,P09,UK,3.68,SP07,22826.25
P09,P09,UK,3.68,SP08,13572
P09,P09,UK,3.68,SP09,5613.75
P09,P09,UK,3.68,SP10,20207.25
P09,P09,UK,3.68,SP11,9445.5
P09,P09,UK,3.68,SP12,6295.5
P09,P09,UK,3.68,SP16,2531.25
P09,P09,UK,3.68,SP17,13070.25
P09,P09,UK,3.68,SP20,4932
P09,P09,UK,3.68,SP21,31938.75
P09,P09,UK,3.68,SP22,13689
P09,P09,UK,3.68,SP24,1989
P09,P09,UK,3.68,SP25,9173.25
P09,P09,USA,3.68,SP01,785.25
P09,P09,USA,3.68,SP02,7195.5
P09,P09,USA,3.68,SP03,8109
P09,P09,USA,3.68,SP05,7301.25
P09,P09,USA,3.68,SP06,4551.75
P09,P09,USA,3.68,SP07,8221.5
P09,P09,USA,3.68,SP09,9020.25
P09,P09,USA,3.68,SP10,1203.75
P09,P09,USA,3.68,SP11,3035.25
P09,P09,USA,3.68,SP13,1145.25
P09,P09,USA,3.68,SP17,10143
P09,P09,USA,3.68,SP18,10761.75
P09,P09,USA,3.68,SP19,11479.5
P10,P10,Australia,8.22,SP01,79042.5
P10,P10,Australia,8.22,SP02,21469.5
P10,P10,Australia,8.22,SP03,9909
P10,P10,Australia,8.22,SP04,22374
P10,P10,Australia,8.22,SP05,18195.75
P10,P10,Australia,8.22,SP06,66413.25
P10,P10,Australia,8.22,SP07,18175.5
P10,P10,Australia,8.22,SP08,16683.75
P10,P10,Australia,8.22,SP09,50555.25
P10,P10,Australia,8.22,SP10,21253.5
P10,P10,Australia,8.22,SP11,3413.25
P10,P10,Australia,8.22,SP12,9254.25
P10,P10,Australia,8.22,SP13,32382
P10,P10,Australia,8.22,SP15,17257.5
P10,P10,Australia,8.22,SP16,15516
P10,P10,Australia,8.22,SP17,25438.5
P10,P10,Australia,8.22,SP18,26894.25
P10,P10,Australia,8.22,SP19,6720.75
P10,P10,Australia,8.22,SP21,30897
P10,P10,Australia,8.22,SP22,15327
P10,P10,Australia,8.22,SP23,659.25
P10,P10,Australia,8.22,SP25,5377.5
P10,P10,Canada,8.22,SP01,41467.5
P10,P10,Canada,8.22,SP02,23519.25
P10,P10,Canada,8.22,SP03,11448
P10,P10,Canada,8.22,SP04,10748.25
P10,P10,Canada,8.22,SP05,7758
P10,P10,Canada,8.22,SP06,25528.5
P10,P10,Canada,8.22,SP07,12989.25
P10,P10,Canada,8.22,SP10,21420
P10,P10,Canada,8.22,SP11,2423.25
P10,P10,Canada,8.22,SP12,11961
P10,P10,Canada,8.22,SP13,21609
P10,P10,Canada,8.22,SP15,6358.5
P10,P10,Canada,8.22,SP16,16749
P10,P10,Canada,8.22,SP17,7593.75
P10,P10,Canada,8.22,SP18,1982.25
P10,P10,Canada,8.22,SP21,2470.5
P10,P10,Canada,8.22,SP22,15333.75
P10,P10,Canada,8.22,SP23,855
P10,P10,Canada,8.22,SP24,1028.25
P10,P10,India,8.22,SP01,36819
P10,P10,India,8.22,SP02,27184.5
P10,P10,India,8.22,SP03,50260.5
P10,P10,India,8.22,SP04,35127
P10,P10,India,8.22,SP05,21262.5
P10,P10,India,8.22,SP06,46635.75
P10,P10,India,8.22,SP07,46689.75
P10,P10,India,8.22,SP08,21658.5
P10,P10,India,8.22,SP09,19417.5
P10,P10,India,8.22,SP10,4387.5
P10,P10,India,8.22,SP11,21249
P10,P10,India,8.22,SP12,20513.25
P10,P10,India,8.22,SP13,36659.25
P10,P10,India,8.22,SP14,25935.75
P10,P10,India,8.22,SP15,1062
P10,P10,India,8.22,SP16,4614.75
P10,P10,India,8.22,SP17,41787
P10,P10,India,8.22,SP18,37905.75
P10,P10,India,8.22,SP19,7024.5
P10,P10,India,8.22,SP20,12987
P10,P10,India,8.22,SP21,39449.25
P10,P10,India,8.22,SP22,41654.25
P10,P10,India,8.22,SP23,28856.25
P10,P10,India,8.22,SP24,4666.5
P10,P10,India,8.22,SP25,6594.75
P10,P10,New Zealand,8.22,SP01,30073.5
P10,P10,New Zealand,8.22,SP02,11115
P10,P10,New Zealand,8.22,SP03,8919
P10,P10,New Zealand,8.22,SP04,8905.5
P10,P10,New Zealand,8.22,SP06,30309.75
P10,P10,New Zealand,8.22,SP07,29164.5
P10,P10,New Zealand,8.22,SP08,7440.75
P10,P10,New Zealand,8.22,SP09,14404.5
P10,P10,New Zealand,8.22,SP10,19273.5
P10,P10,New Zealand,8.22,SP11,21179.25
P10,P10,New Zealand,8.22,SP12,6545.25
P10,P10,New Zealand,8.22,SP13,22331.25
P10,P10,New Zealand,8.22,SP15,17320.5
P10,P10,New Zealand,8.22,SP16,23096.25
P10,P10,New Zealand,8.22,SP17,8673.75
P10,P10,New Zealand,8.22,SP18,21132
P10,P10,New Zealand,8.22,SP19,13914
P10,P10,New Zealand,8.22,SP20,19579.5
P10,P10,New Zealand,8.22,SP21,589.5
P10,P10,New Zealand,8.22,SP22,41249.25
P10,P10,New Zealand,8.22,SP23,6871.5
P10,P10,UK,8.22,SP01,48980.25
P10,P10,UK,8.22,SP02,26145
P10,P10,UK,8.22,SP03,24016.5
P10,P10,UK,8.22,SP04,16472.25
P10,P10,UK,8.22,SP05,16200
P10,P10,UK,8.22,SP06,51421.5
P10,P10,UK,8.22,SP07,32136.75
P10,P10,UK,8.22,SP08,78777
P10,P10,UK,8.22,SP09,38628
P10,P10,UK,8.22,SP10,37631.25
P10,P10,UK,8.22,SP11,37516.5
P10,P10,UK,8.22,SP12,20859.75
P10,P10,UK,8.22,SP13,36360
P10,P10,UK,8.22,SP14,12136.5
P10,P10,UK,8.22,SP15,9573.75
P10,P10,UK,8.22,SP16,41127.75
P10,P10,UK,8.22,SP17,32154.75
P10,P10,UK,8.22,SP18,70800.75
P10,P10,UK,8.22,SP19,12377.25
P10,P10,UK,8.22,SP20,24300
P10,P10,UK,8.22,SP21,22018.5
P10,P10,UK,8.22,SP22,27963
P10,P10,UK,8.22,SP23,17237.25
P10,P10,UK,8.22,SP24,18618.75
P10,P10,UK,8.22,SP25,8968.5
P10,P10,USA,8.22,SP01,17280
P10,P10,USA,8.22,SP02,26826.75
P10,P10,USA,8.22,SP03,2497.5
P10,P10,USA,8.22,SP04,10145.25
P10,P10,USA,8.22,SP05,1653.75
P10,P10,USA,8.22,SP06,42318
P10,P10,USA,8.22,SP07,22927.5
P10,P10,USA,8.22,SP08,28354.5
P10,P10,USA,8.22,SP09,13045.5
P10,P10,USA,8.22,SP10,18220.5
P10,P10,USA,8.22,SP11,11601
P10,P10,USA,8.22,SP12,25746.75
P10,P10,USA,8.22,SP13,35757
P10,P10,USA,8.22,SP15,23854.5
P10,P10,USA,8.22,SP16,23775.75
P10,P10,USA,8.22,SP17,22144.5
P10,P10,USA,8.22,SP18,35572.5
P10,P10,USA,8.22,SP19,9004.5
P10,P10,USA,8.22,SP20,13140
P10,P10,USA,8.22,SP21,10593
P10,P10,USA,8.22,SP22,46874.25
P10,P10,USA,8.22,SP23,15477.75
P10,P10,USA,8.22,SP24,3474
P11,P11,Australia,10.23,SP01,37165.5
P11,P11,Australia,10.23,SP02,22576.5
P11,P11,Australia,10.23,SP03,16260.75
P11,P11,Australia,10.23,SP04,8001
P11,P11,Australia,10.23,SP06,5690.25
P11,P11,Australia,10.23,SP07,16056
P11,P11,Australia,10.23,SP09,13893.75
P11,P11,Australia,10.23,SP10,8271
P11,P11,Australia,10.23,SP13,21577.5
P11,P11,Australia,10.23,SP16,17401.5
P11,P11,Australia,10.23,SP17,5676.75
P11,P11,Australia,10.23,SP18,9207
P11,P11,Australia,10.23,SP19,6248.25
P11,P11,Australia,10.23,SP21,5861.25
P11,P11,Australia,10.23,SP22,24914.25
P11,P11,Australia,10.23,SP23,3003.75
P11,P11,Canada,10.23,SP02,7533
P11,P11,Canada,10.23,SP04,3186
P11,P11,Canada,10.23,SP05,8331.75
P11,P11,Canada,10.23,SP09,8349.75
P11,P11,Canada,10.23,SP10,4860
P11,P11,Canada,10.23,SP17,2985.75
P11,P11,Canada,10.23,SP19,9436.5
P11,P11,Canada,10.23,SP20,11387.25
P11,P11,Canada,10.23,SP22,14989.5
P11,P11,India,10.23,SP01,33311.25
P11,P11,India,10.23,SP02,13137.75
P11,P11,India,10.23,SP03,6518.25
P11,P11,India,10.23,SP04,27103.5
P11,P11,India,10.23,SP05,9177.75
P11,P11,India,10.23,SP06,36011.25
P11,P11,India,10.23,SP08,19980
P11,P11,India,10.23,SP09,10894.5
P11,P11,India,10.23,SP10,15104.25
P11,P11,India,10.23,SP11,11547
P11,P11,India,10.23,SP13,5652
P11,P11,India,10.23,SP15,13358.25
P11,P11,India,10.23,SP16,19496.25
P11,P11,India,10.23,SP17,9270
P11,P11,India,10.23,SP18,46743.75
P11,P11,India,10.23,SP19,6662.25
P11,P11,India,10.23,SP21,5663.25
P11,P11,India,10.23,SP22,18780.75
P11,P11,India,10.23,SP23,2585.25
P11,P11,India,10.23,SP25,8579.25
P11,P11,New Zealand,10.23,SP03,21008.25
P11,P11,New Zealand,10.23,SP06,13061.25
P11,P11,New Zealand,10.23,SP07,14834.25
P11,P11,New Zealand,10.23,SP08,23334.75
P11,P11,New Zealand,10.23,SP09,9751.5
P11,P11,New Zealand,10.23,SP16,2216.25
P11,P11,New Zealand,10.23,SP17,5476.5
P11,P11,New Zealand,10.23,SP18,4650.75
P11,P11,New Zealand,10.23,SP19,17871.75
P11,P11,New Zealand,10.23,SP20,5224.5
P11,P11,New Zealand,10.23,SP23,9738
P11,P11,New Zealand,10.23,SP25,12982.5
P11,P11,UK,10.23,SP01,780.75
P11,P11,UK,10.23,SP02,19107
P11,P11,UK,10.23,SP03,5602.5
P11,P11,UK,10.23,SP04,32967
P11,P11,UK,10.23,SP06,15765.75
P11,P11,UK,10.23,SP07,2754
P11,P11,UK,10.23,SP08,10316.25
P11,P11,UK,10.23,SP09,2394
P11,P11,UK,10.23,SP10,20313
P11,P11,UK,10.23,SP11,17955
P11,P11,UK,10.23,SP12,8201.25
P11,P11,UK,10.23,SP13,9801
P11,P11,UK,10.23,SP14,582.75
P11,P11,UK,10.23,SP15,4639.5
P11,P11,UK,10.23,SP16,1147.5
P11,P11,UK,10.23,SP17,7704
P11,P11,UK,10.23,SP18,19885.5
P11,P11,UK,10.23,SP19,5197.5
P11,P11,UK,10.23,SP20,13520.25
P11,P11,UK,10.23,SP21,15489
P11,P11,UK,10.23,SP22,5670
P11,P11,UK,10.23,SP23,32323.5
P11,P11,UK,10.23,SP24,12096
P11,P11,USA,10.23,SP01,12906
P11,P11,USA,10.23,SP02,13558.5
P11,P11,USA,10.23,SP03,9598.5
P11,P11,USA,10.23,SP04,7132.5
P11,P11,USA,10.23,SP05,10512
P11,P11,USA,10.23,SP06,8232.75
P11,P11,USA,10.23,SP10,5366.25
P11,P11,USA,10.23,SP11,7686
P11,P11,USA,10.23,SP12,7922.25
P11,P11,USA,10.23,SP15,11346.75
P11,P11,USA,10.23,SP16,16953.75
P11,P11,USA,10.23,SP17,20859.75
P11,P11,USA,10.23,SP18,6788.25
P11,P11,USA,10.23,SP19,18319.5
P11,P11,USA,10.23,SP20,1410.75
P11,P11,USA,10.23,SP21,6090.75
P11,P11,USA,10.23,SP22,13767.75
P12,P12,Australia,4.74,SP01,56792.25
P12,P12,Australia,4.74,SP02,23361.75
P12,P12,Australia,4.74,SP03,15579
P12,P12,Australia,4.74,SP04,15495.75
P12,P12,Australia,4.74,SP05,18470.25
P12,P12,Australia,4.74,SP06,67950
P12,P12,Australia,4.74,SP07,28019.25
P12,P12,Australia,4.74,SP08,18927
P12,P12,Australia,4.74,SP09,4900.5
P12,P12,Australia,4.74,SP10,26876.25
P12,P12,Australia,4.74,SP11,19399.5
P12,P12,Australia,4.74,SP12,8988.75
P12,P12,Australia,4.74,SP13,24239.25
P12,P12,Australia,4.74,SP15,35199
P12,P12,Australia,4.74,SP16,2115
P12,P12,Australia,4.74,SP17,33453
P12,P12,Australia,4.74,SP18,25265.25
P12,P12,Australia,4.74,SP19,1010.25
P12,P12,Australia,4.74,SP21,26122.5
P12,P12,Australia,4.74,SP22,2538
P12,P12,Australia,4.74,SP23,8397
P12,P12,Australia,4.74,SP24,23622.75
P12,P12,Australia,4.74,SP25,10154.25
P12,P12,Canada,4.74,SP01,8421.75
P12,P12,Canada,4.74,SP02,23028.75
P12,P12,Canada,4.74,SP03,19392.75
P12,P12,Canada,4.74,SP04,21712.5
P12,P12,Canada,4.74,SP06,12525.75
P12,P12,Canada,4.74,SP07,16438.5
P12,P12,Canada,4.74,SP10,28606.5
P12,P12,Canada,4.74,SP12,1010.25
P12,P12,Canada,4.74,SP13,6095.25
P12,P12,Canada,4.74,SP16,10680.75
P12,P12,Canada,4.74,SP19,9186.75
P12,P12,Canada,4.74,SP21,6394.5
P12,P12,Canada,4.74,SP22,4248
P12,P12,India,4.74,SP01,66852
P12,P12,India,4.74,SP02,8831.25
P12,P12,India,4.74,SP03,24977.25
P12,P12,India,4.74,SP04,14197.5
P12,P12,India,4.74,SP05,13594.5
P12,P12,India,4.74,SP06,21316.5
P12,P12,India,4.74,SP07,25083
P12,P12,India,4.74,SP08,7119
P12,P12,India,4.74,SP09,34287.75
P12,P12,India,4.74,SP10,7074
P12,P12,India,4.74,SP11,22970.25
P12,P12,India,4.74,SP12,46874.25
P12,P12,India,4.74,SP13,35921.25
P12,P12,India,4.74,SP14,11954.25
P12,P12,India,4.74,SP15,19386
P12,P12,India,4.74,SP17,38954.25
P12,P12,India,4.74,SP18,44502.75
P12,P12,India,4.74,SP19,2639.25
P12,P12,India,4.74,SP21,23575.5
P12,P12,India,4.74,SP22,13252.5
P12,P12,India,4.74,SP23,4646.25
P12,P12,India,4.74,SP25,8826.75
P12,P12,New Zealand,4.74,SP01,3415.5
P12,P12,New Zealand,4.74,SP02,17552.25
P12,P12,New Zealand,4.74,SP03,30120.75
P12,P12,New Zealand,4.74,SP05,7789.5
P12,P12,New Zealand,4.74,SP06,20063.25
P12,P12,New Zealand,4.74,SP07,36990
P12,P12,New Zealand,4.74,SP08,10730.25
P12,P12,New Zealand,4.74,SP09,17385.75
P12,P12,New Zealand,4.74,SP10,9515.25
P12,P12,New Zealand,4.74,SP11,9708.75
P12,P12,New Zealand,4.74,SP12,5888.25
P12,P12,New Zealand,4.74,SP13,36546.75
P12,P12,New Zealand,4.74,SP15,3539.25
P12,P12,New Zealand,4.74,SP17,5121
P12,P12,New Zealand,4.74,SP18,10624.5
P12,P12,New Zealand,4.74,SP19,18778.5
P12,P12,New Zealand,4.74,SP20,1118.25
P12,P12,New Zealand,4.74,SP21,3748.5
P12,P12,New Zealand,4.74,SP22,13277.25
P12,P12,New Zealand,4.74,SP24,5107.5
P12,P12,UK,4.74,SP01,58716
P12,P12,UK,4.74,SP02,5283
P12,P12,UK,4.74,SP03,7258.5
P12,P12,UK,4.74,SP04,15871.5
P12,P12,UK,4.74,SP05,18245.25
P12,P12,UK,4.74,SP06,37183.5
P12,P12,UK,4.74,SP07,39975.75
P12,P12,UK,4.74,SP08,39564
P12,P12,UK,4.74,SP09,19606.5
P12,P12,UK,4.74,SP10,5368.5
P12,P12,UK,4.74,SP12,8030.25
P12,P12,UK,4.74,SP13,7492.5
P12,P12,UK,4.74,SP15,19093.5
P12,P12,UK,4.74,SP16,48879
P12,P12,UK,4.74,SP17,14364
P12,P12,UK,4.74,SP18,27436.5
P12,P12,UK,4.74,SP19,10892.25
P12,P12,UK,4.74,SP20,7299
P12,P12,UK,4.74,SP21,7143.75
P12,P12,UK,4.74,SP22,35140.5
P12,P12,UK,4.74,SP23,61146
P12,P12,UK,4.74,SP24,8768.25
P12,P12,UK,4.74,SP25,10793.25
P12,P12,USA,4.74,SP01,3507.75
P12,P12,USA,4.74,SP02,22749.75
P12,P12,USA,4.74,SP03,12363.75
P12,P12,USA,4.74,SP05,5872.5
P12,P12,USA,4.74,SP06,11522.25
P12,P12,USA,4.74,SP07,16024.5
P12,P12,USA,4.74,SP08,22821.75
P12,P12,USA,4.74,SP09,30199.5
P12,P12,USA,4.74,SP10,12033
P12,P12,USA,4.74,SP11,25526.25
P12,P12,USA,4.74,SP12,26682.75
P12,P12,USA,4.74,SP13,40995
P12,P12,USA,4.74,SP14,18922.5
P12,P12,USA,4.74,SP15,20081.25
P12,P12,USA,4.74,SP16,26176.5
P12,P12,USA,4.74,SP17,36481.5
P12,P12,USA,4.74,SP18,14040
P12,P12,USA,4.74,SP19,7080.75
P12,P12,USA,4.74,SP20,5778
P12,P12,USA,4.74,SP21,21962.25
P12,P12,USA,4.74,SP22,9483.75
P12,P12,USA,4.74,SP23,32397.75
P12,P12,USA,4.74,SP24,4803.75
P12,P12,USA,4.74,SP25,4385.25
P13,P13,Australia,10.51,SP01,58770
P13,P13,Australia,10.51,SP02,25364.25
P13,P13,Australia,10.51,SP03,8572.5
P13,P13,Australia,10.51,SP04,10397.25
P13,P13,Australia,10.51,SP05,9693
P13,P13,Australia,10.51,SP06,49648.5
P13,P13,Australia,10.51,SP07,19649.25
P13,P13,Australia,10.51,SP08,22891.5
P13,P13,Australia,10.51,SP09,38830.5
P13,P13,Australia,10.51,SP10,17032.5
P13,P13,Australia,10.51,SP11,11162.25
P13,P13,Australia,10.51,SP12,13144.5
P13,P13,Australia,10.51,SP13,9965.25
P13,P13,Australia,10.51,SP14,7105.5
P13,P13,Australia,10.51,SP15,28239.75
P13,P13,Australia,10.51,SP16,4711.5
P13,P13,Australia,10.51,SP17,22565.25
P13,P13,Australia,10.51,SP18,52056
P13,P13,Australia,10.51,SP19,21186
P13,P13,Australia,10.51,SP20,16152.75
P13,P13,Australia,10.51,SP21,39874.5
P13,P13,Australia,10.51,SP22,33590.25
P13,P13,Australia,10.51,SP23,25022.25
P13,P13,Australia,10.51,SP24,5215.5
P13,P13,Canada,10.51,SP01,12685.5
P13,P13,Canada,10.51,SP02,31446
P13,P13,Canada,10.51,SP03,2553.75
P13,P13,Canada,10.51,SP04,17725.5
P13,P13,Canada,10.51,SP05,14868
P13,P13,Canada,10.51,SP06,12642.75
P13,P13,Canada,10.51,SP07,24743.25
P13,P13,Canada,10.51,SP08,1046.25
P13,P13,Canada,10.51,SP09,3622.5
P13,P13,Canada,10.51,SP10,15516
P13,P13,Canada,10.51,SP11,18461.25
P13,P13,Canada,10.51,SP12,119.25
P13,P13,Canada,10.51,SP13,10275.75
P13,P13,Canada,10.51,SP16,2124
P13,P13,Canada,10.51,SP17,17304.75
P13,P13,Canada,10.51,SP18,20452.5
P13,P13,Canada,10.51,SP19,10804.5
P13,P13,Canada,10.51,SP22,11598.75
P13,P13,Canada,10.51,SP23,7227
P13,P13,Canada,10.51,SP24,3246.75
P13,P13,Canada,10.51,SP25,3271.5
P13,P13,India,10.51,SP01,48964.5
P13,P13,India,10.51,SP02,33354
P13,P13,India,10.51,SP03,49882.5
P13,P13,India,10.51,SP04,18117
P13,P13,India,10.51,SP05,24045.75
P13,P13,India,10.51,SP06,57082.5
P13,P13,India,10.51,SP07,19554.75
P13,P13,India,10.51,SP08,45081
P13,P13,India,10.51,SP09,43591.5
P13,P13,India,10.51,SP10,41586.75
P13,P13,India,10.51,SP11,13632.75
P13,P13,India,10.51,SP12,25294.5
P13,P13,India,10.51,SP13,40556.25
P13,P13,India,10.51,SP14,8730
P13,P13,India,10.51,SP15,22599
P13,P13,India,10.51,SP16,13911.75
P13,P13,India,10.51,SP17,10415.25
P13,P13,India,10.51,SP18,72855
P13,P13,India,10.51,SP19,8793
P13,P13,India,10.51,SP20,13943.25
P13,P13,India,10.51,SP21,16638.75
P13,P13,India,10.51,SP22,40630.5
P13,P13,India,10.51,SP23,25065
P13,P13,India,10.51,SP24,2819.25
P13,P13,India,10.51,SP25,6615
P13,P13,New Zealand,10.51,SP01,14917.5
P13,P13,New Zealand,10.51,SP02,24554.25
P13,P13,New Zealand,10.51,SP03,36022.5
P13,P13,New Zealand,10.51,SP04,20351.25
P13,P13,New Zealand,10.51,SP05,3719.25
P13,P13,New Zealand,10.51,SP06,5715
P13,P13,New Zealand,10.51,SP07,23307.75
P13,P13,New Zealand,10.51,SP08,1856.25
P13,P13,New Zealand,10.51,SP09,10775.25
P13,P13,New Zealand,10.51,SP10,21480.75
P13,P13,New Zealand,10.51,SP11,15417
P13,P13,New Zealand,10.51,SP12,432
P13,P13,New Zealand,10.51,SP13,6320.25
P13,P13,New Zealand,10.51,SP14,4023
P13,P13,New Zealand,10.51,SP15,26752.5
P13,P13,New Zealand,10.51,SP16,13065.75
P13,P13,New Zealand,10.51,SP17,5280.75
P13,P13,New Zealand,10.51,SP18,15351.75
P13,P13,New Zealand,10.51,SP19,18501.75
P13,P13,New Zealand,10.51,SP21,7465.5
P13,P13,New Zealand,10.51,SP22,12669.75
P13,P13,New Zealand,10.51,SP23,7998.75
P13,P13,New Zealand,10.51,SP25,19305
P13,P13,UK,10.51,SP01,55728
P13,P13,UK,10.51,SP02,23665.5
P13,P13,UK,10.51,SP03,37343.25
P13,P13,UK,10.51,SP04,44374.5
P13,P13,UK,10.51,SP05,19224
P13,P13,UK,10.51,SP06,12777.75
P13,P13,UK,10.51,SP07,38607.75
P13,P13,UK,10.51,SP08,35880.75
P13,P13,UK,10.51,SP09,27000
P13,P13,UK,10.51,SP10,14260.5
P13,P13,UK,10.51,SP11,19442.25
P13,P13,UK,10.51,SP12,5076
P13,P13,UK,10.51,SP13,34121.25
P13,P13,UK,10.51,SP15,22772.25
P13,P13,UK,10.51,SP16,58866.75
P13,P13,UK,10.51,SP17,41355
P13,P13,UK,10.51,SP18,46728
P13,P13,UK,10.51,SP19,36029.25
P13,P13,UK,10.51,SP20,22806
P13,P13,UK,10.51,SP21,28701
P13,P13,UK,10.51,SP22,42140.25
P13,P13,UK,10.51,SP23,66404.25
P13,P13,UK,10.51,SP24,6743.25
P13,P13,UK,10.51,SP25,13072.5
P13,P13,USA,10.51,SP01,70625.25
P13,P13,USA,10.51,SP02,35509.5
P13,P13,USA,10.51,SP03,28311.75
P13,P13,USA,10.51,SP04,3856.5
P13,P13,USA,10.51,SP05,22720.5
P13,P13,USA,10.51,SP06,31110.75
P13,P13,USA,10.51,SP07,29295
P13,P13,USA,10.51,SP08,32656.5
P13,P13,USA,10.51,SP09,49077
P13,P13,USA,10.51,SP10,27792
P13,P13,USA,10.51,SP11,27195.75
P13,P13,USA,10.51,SP12,60.75
P13,P13,USA,10.51,SP13,45643.5
P13,P13,USA,10.51,SP15,7409.25
P13,P13,USA,10.51,SP16,6349.5
P13,P13,USA,10.51,SP17,36094.5
P13,P13,USA,10.51,SP18,34431.75
P13,P13,USA,10.51,SP19,16611.75
P13,P13,USA,10.51,SP20,5474.25
P13,P13,USA,10.51,SP21,26077.5
P13,P13,USA,10.51,SP22,20007
P13,P13,USA,10.51,SP24,7818.75
P13,P13,USA,10.51,SP25,17824.5
P14,P14,Australia,6.43,SP01,28892.25
P14,P14,Australia,6.43,SP02,23595.75
P14,P14,Australia,6.43,SP03,4797
P14,P14,Australia,6.43,SP04,8874
P14,P14,Australia,6.43,SP05,4164.75
P14,P14,Australia,6.43,SP06,5422.5
P14,P14,Australia,6.43,SP07,16445.25
P14,P14,Australia,6.43,SP08,13702.5
P14,P14,Australia,6.43,SP09,30566.25
P14,P14,Australia,6.43,SP10,13414.5
P14,P14,Australia,6.43,SP14,4673.25
P14,P14,Australia,6.43,SP16,14663.25
P14,P14,Australia,6.43,SP17,15534
P14,P14,Australia,6.43,SP18,17021.25
P14,P14,Australia,6.43,SP19,3588.75
P14,P14,Australia,6.43,SP21,18013.5
P14,P14,Australia,6.43,SP24,4173.75
P14,P14,Canada,6.43,SP02,9623.25
P14,P14,Canada,6.43,SP03,4988.25
P14,P14,Canada,6.43,SP04,4239
P14,P14,Canada,6.43,SP07,4079.25
P14,P14,Canada,6.43,SP09,6729.75
P14,P14,Canada,6.43,SP10,17320.5
P14,P14,Canada,6.43,SP11,12408.75
P14,P14,Canada,6.43,SP16,13056.75
P14,P14,Canada,6.43,SP17,3820.5
P14,P14,Canada,6.43,SP18,5199.75
P14,P14,Canada,6.43,SP19,2601
P14,P14,Canada,6.43,SP20,3971.25
P14,P14,Canada,6.43,SP22,9884.25
P14,P14,India,6.43,SP01,54310.5
P14,P14,India,6.43,SP02,6835.5
P14,P14,India,6.43,SP03,4745.25
P14,P14,India,6.43,SP04,28615.5
P14,P14,India,6.43,SP05,11909.25
P14,P14,India,6.43,SP06,44871.75
P14,P14,India,6.43,SP07,48777.75
P14,P14,India,6.43,SP08,39537
P14,P14,India,6.43,SP09,8133.75
P14,P14,India,6.43,SP10,14901.75
P14,P14,India,6.43,SP11,30143.25
P14,P14,India,6.43,SP13,55383.75
P14,P14,India,6.43,SP15,9353.25
P14,P14,India,6.43,SP16,12222
P14,P14,India,6.43,SP17,24480
P14,P14,India,6.43,SP18,10638
P14,P14,India,6.43,SP19,3721.5
P14,P14,India,6.43,SP20,5096.25
P14,P14,India,6.43,SP21,12507.75
P14,P14,India,6.43,SP23,16294.5
P14,P14,India,6.43,SP24,4313.25
P14,P14,New Zealand,6.43,SP01,23798.25
P14,P14,New Zealand,6.43,SP02,22938.75
P14,P14,New Zealand,6.43,SP03,4806
P14,P14,New Zealand,6.43,SP04,9303.75
P14,P14,New Zealand,6.43,SP05,3723.75
P14,P14,New Zealand,6.43,SP06,10037.25
P14,P14,New Zealand,6.43,SP07,21226.5
P14,P14,New Zealand,6.43,SP08,4446
P14,P14,New Zealand,6.43,SP10,19818
P14,P14,New Zealand,6.43,SP11,20389.5
P14,P14,New Zealand,6.43,SP12,19462.5
P14,P14,New Zealand,6.43,SP13,15977.25
P14,P14,New Zealand,6.43,SP14,4297.5
P14,P14,New Zealand,6.43,SP16,9546.75
P14,P14,New Zealand,6.43,SP17,1111.5
P14,P14,New Zealand,6.43,SP18,5316.75
P14,P14,New Zealand,6.43,SP19,2351.25
P14,P14,New Zealand,6.43,SP21,6716.25
P14,P14,New Zealand,6.43,SP22,11733.75
P14,P14,UK,6.43,SP01,44777.25
P14,P14,UK,6.43,SP02,28057.5
P14,P14,UK,6.43,SP03,39777.75
P14,P14,UK,6.43,SP04,10977.75
P14,P14,UK,6.43,SP06,23494.5
P14,P14,UK,6.43,SP07,60660
P14,P14,UK,6.43,SP08,26493.75
P14,P14,UK,6.43,SP09,32550.75
P14,P14,UK,6.43,SP10,33003
P14,P14,UK,6.43,SP11,8563.5
P14,P14,UK,6.43,SP12,6648.75
P14,P14,UK,6.43,SP13,33977.25
P14,P14,UK,6.43,SP14,8680.5
P14,P14,UK,6.43,SP15,7359.75
P14,P14,UK,6.43,SP16,3332.25
P14,P14,UK,6.43,SP17,24815.25
P14,P14,UK,6.43,SP18,16544.25
P14,P14,UK,6.43,SP19,14944.5
P14,P14,UK,6.43,SP20,11191.5
P14,P14,UK,6.43,SP21,22700.25
P14,P14,UK,6.43,SP22,13583.25
P14,P14,UK,6.43,SP23,16494.75
P14,P14,UK,6.43,SP24,14159.25
P14,P14,UK,6.43,SP25,9625.5
P14,P14,USA,6.43,SP01,28527.75
P14,P14,USA,6.43,SP02,21170.25
P14,P14,USA,6.43,SP03,13216.5
P14,P14,USA,6.43,SP04,33428.25
P14,P14,USA,6.43,SP05,6194.25
P14,P14,USA,6.43,SP06,12901.5
P14,P14,USA,6.43,SP07,9697.5
P14,P14,USA,6.43,SP08,12330
P14,P14,USA,6.43,SP09,19363.5
P14,P14,USA,6.43,SP10,18348.75
P14,P14,USA,6.43,SP11,6428.25
P14,P14,USA,6.43,SP12,24651
P14,P14,USA,6.43,SP13,8028
P14,P14,USA,6.43,SP16,13225.5
P14,P14,USA,6.43,SP17,9315
P14,P14,USA,6.43,SP18,30928.5
P14,P14,USA,6.43,SP19,4443.75
P14,P14,USA,6.43,SP20,5305.5
P14,P14,USA,6.43,SP21,15527.25
P14,P14,USA,6.43,SP22,9794.25
P14,P14,USA,6.43,SP23,3294
P14,P14,USA,6.43,SP25,5865.75
P15,P15,Australia,12.41,SP01,12708
P15,P15,Australia,12.41,SP03,13617
P15,P15,Australia,12.41,SP06,13641.75
P15,P15,Australia,12.41,SP07,13743
P15,P15,Australia,12.41,SP08,13205.25
P15,P15,Australia,12.41,SP10,10246.5
P15,P15,Australia,12.41,SP11,5832
P15,P15,Australia,12.41,SP13,5994
P15,P15,Australia,12.41,SP14,7940.25
P15,P15,Australia,12.41,SP15,9915.75
P15,P15,Australia,12.41,SP16,222.75
P15,P15,Australia,12.41,SP17,10856.25
P15,P15,Australia,12.41,SP18,8478
P15,P15,Australia,12.41,SP19,5085
P15,P15,Australia,12.41,SP21,8507.25
P15,P15,Australia,12.41,SP25,10714.5
P15,P15,Canada,12.41,SP01,2508.75
P15,P15,Canada,12.41,SP02,7638.75
P15,P15,Canada,12.41,SP04,1813.5
P15,P15,Canada,12.41,SP06,7150.5
P15,P15,Canada,12.41,SP13,1392.75
P15,P15,Canada,12.41,SP16,9015.75
P15,P15,Canada,12.41,SP18,2715.75
P15,P15,India,12.41,SP02,23672.25
P15,P15,India,12.41,SP03,22335.75
P15,P15,India,12.41,SP04,227.25
P15,P15,India,12.41,SP06,26399.25
P15,P15,India,12.41,SP07,2007
P15,P15,India,12.41,SP09,14427
P15,P15,India,12.41,SP10,16544.25
P15,P15,India,12.41,SP11,6066
P15,P15,India,12.41,SP12,6723
P15,P15,India,12.41,SP13,1302.75
P15,P15,India,12.41,SP16,7283.25
P15,P15,India,12.41,SP17,7436.25
P15,P15,India,12.41,SP18,32865.75
P15,P15,India,12.41,SP19,6603.75
P15,P15,India,12.41,SP20,11405.25
P15,P15,India,12.41,SP22,24257.25
P15,P15,India,12.41,SP23,12431.25
P15,P15,New Zealand,12.41,SP01,4614.75
P15,P15,New Zealand,12.41,SP02,3555
P15,P15,New Zealand,12.41,SP03,19811.25
P15,P15,New Zealand,12.41,SP04,3746.25
P15,P15,New Zealand,12.41,SP05,6756.75
P15,P15,New Zealand,12.41,SP06,6480
P15,P15,New Zealand,12.41,SP07,13527
P15,P15,New Zealand,12.41,SP09,19397.25
P15,P15,New Zealand,12.41,SP11,947.25
P15,P15,New Zealand,12.41,SP12,3501
P15,P15,New Zealand,12.41,SP13,4416.75
P15,P15,New Zealand,12.41,SP17,3942
P15,P15,New Zealand,12.41,SP25,6905.25
P15,P15,UK,12.41,SP01,18843.75
P15,P15,UK,12.41,SP02,8073
P15,P15,UK,12.41,SP03,19640.25
P15,P15,UK,12.41,SP04,24666.75
P15,P15,UK,12.41,SP05,20956.5
P15,P15,UK,12.41,SP06,17727.75
P15,P15,UK,12.41,SP07,841.5
P15,P15,UK,12.41,SP08,18105.75
P15,P15,UK,12.41,SP10,11607.75
P15,P15,UK,12.41,SP11,31428
P15,P15,UK,12.41,SP12,24075
P15,P15,UK,12.41,SP13,12768.75
P15,P15,UK,12.41,SP14,19746
P15,P15,UK,12.41,SP15,7724.25
P15,P15,UK,12.41,SP16,3046.5
P15,P15,UK,12.41,SP17,13558.5
P15,P15,UK,12.41,SP18,6970.5
P15,P15,UK,12.41,SP19,5508
P15,P15,UK,12.41,SP21,11178
P15,P15,UK,12.41,SP22,12323.25
P15,P15,UK,12.41,SP23,19235.25
P15,P15,UK,12.41,SP24,10838.25
P15,P15,USA,12.41,SP01,29913.75
P15,P15,USA,12.41,SP02,1863
P15,P15,USA,12.41,SP04,19260
P15,P15,USA,12.41,SP05,10343.25
P15,P15,USA,12.41,SP06,7544.25
P15,P15,USA,12.41,SP07,5229
P15,P15,USA,12.41,SP08,13722.75
P15,P15,USA,12.41,SP09,6588
P15,P15,USA,12.41,SP10,14096.25
P15,P15,USA,12.41,SP11,16020
P15,P15,USA,12.41,SP14,6684.75
P15,P15,USA,12.41,SP16,6410.25
P15,P15,USA,12.41,SP18,21780
P15,P15,USA,12.41,SP19,6952.5
P15,P15,USA,12.41,SP24,8100
P16,P16,Australia,9.57,SP01,47432.25
P16,P16,Australia,9.57,SP02,18245.25
P16,P16,Australia,9.57,SP03,32980.5
P16,P16,Australia,9.57,SP04,8556.75
P16,P16,Australia,9.57,SP05,18281.25
P16,P16,Australia,9.57,SP06,40826.25
P16,P16,Australia,9.57,SP07,49929.75
P16,P16,Australia,9.57,SP08,22378.5
P16,P16,Australia,9.57,SP09,14935.5
P16,P16,Australia,9.57,SP10,19264.5
P16,P16,Australia,9.57,SP11,12827.25
P16,P16,Australia,9.57,SP12,14539.5
P16,P16,Australia,9.57,SP13,46977.75
P16,P16,Australia,9.57,SP14,12089.25
P16,P16,Australia,9.57,SP16,17640
P16,P16,Australia,9.57,SP17,18461.25
P16,P16,Australia,9.57,SP18,22378.5
P16,P16,Australia,9.57,SP19,4734
P16,P16,Australia,9.57,SP20,3636
P16,P16,Australia,9.57,SP21,7994.25
P16,P16,Australia,9.57,SP22,2594.25
P16,P16,Australia,9.57,SP23,23712.75
P16,P16,Canada,9.57,SP01,10827
P16,P16,Canada,9.57,SP02,11675.25
P16,P16,Canada,9.57,SP03,25119
P16,P16,Canada,9.57,SP06,19462.5
P16,P16,Canada,9.57,SP07,10203.75
P16,P16,Canada,9.57,SP10,5130
P16,P16,Canada,9.57,SP11,8025.75
P16,P16,Canada,9.57,SP12,3352.5
P16,P16,Canada,9.57,SP13,26869.5
P16,P16,Canada,9.57,SP14,4542.75
P16,P16,Canada,9.57,SP16,1705.5
P16,P16,Canada,9.57,SP17,9258.75
P16,P16,India,9.57,SP01,38891.25
P16,P16,India,9.57,SP02,42927.75
P16,P16,India,9.57,SP03,36513
P16,P16,India,9.57,SP05,34105.5
P16,P16,India,9.57,SP06,90870.75
P16,P16,India,9.57,SP07,37192.5
P16,P16,India,9.57,SP08,19143
P16,P16,India,9.57,SP09,11373.75
P16,P16,India,9.57,SP10,41699.25
P16,P16,India,9.57,SP11,45699.75
P16,P16,India,9.57,SP12,9290.25
P16,P16,India,9.57,SP13,20376
P16,P16,India,9.57,SP14,5508
P16,P16,India,9.57,SP15,4576.5
P16,P16,India,9.57,SP16,36488.25
P16,P16,India,9.57,SP17,29484
P16,P16,India,9.57,SP18,38524.5
P16,P16,India,9.57,SP19,13473
P16,P16,India,9.57,SP20,9569.25
P16,P16,India,9.57,SP21,19552.5
P16,P16,India,9.57,SP22,19653.75
P16,P16,India,9.57,SP23,13718.25
P16,P16,India,9.57,SP24,12723.75
P16,P16,New Zealand,9.57,SP01,29675.25
P16,P16,New Zealand,9.57,SP02,15948
P16,P16,New Zealand,9.57,SP03,26635.5
P16,P16,New Zealand,9.57,SP04,5751
P16,P16,New Zealand,9.57,SP05,14321.25
P16,P16,New Zealand,9.57,SP06,15423.75
P16,P16,New Zealand,9.57,SP07,38531.25
P16,P16,New Zealand,9.57,SP08,18000
P16,P16,New Zealand,9.57,SP09,14859
P16,P16,New Zealand,9.57,SP10,15725.25
P16,P16,New Zealand,9.57,SP11,4335.75
P16,P16,New Zealand,9.57,SP12,35700.75
P16,P16,New Zealand,9.57,SP13,14240.25
P16,P16,New Zealand,9.57,SP14,4646.25
P16,P16,New Zealand,9.57,SP16,21127.5
P16,P16,New Zealand,9.57,SP17,10550.25
P16,P16,New Zealand,9.57,SP18,17271
P16,P16,New Zealand,9.57,SP19,28055.25
P16,P16,New Zealand,9.57,SP21,4572
P16,P16,New Zealand,9.57,SP23,19197
P16,P16,New Zealand,9.57,SP24,947.25
P16,P16,New Zealand,9.57,SP25,7062.75
P16,P16,UK,9.57,SP01,60187.5
P16,P16,UK,9.57,SP02,49572
P16,P16,UK,9.57,SP03,33059.25
P16,P16,UK,9.57,SP04,33014.25
P16,P16,UK,9.57,SP05,22587.75
P16,P16,UK,9.57,SP06,62761.5
P16,P16,UK,9.57,SP07,56409.75
P16,P16,UK,9.57,SP08,38497.5
P16,P16,UK,9.57,SP09,36497.25
P16,P16,UK,9.57,SP10,84829.5
P16,P16,UK,9.57,SP11,9774
P16,P16,UK,9.57,SP12,1561.5
P16,P16,UK,9.57,SP13,22754.25
P16,P16,UK,9.57,SP15,11783.25
P16,P16,UK,9.57,SP16,11000.25
P16,P16,UK,9.57,SP17,24329.25
P16,P16,UK,9.57,SP18,55059.75
P16,P16,UK,9.57,SP19,13677.75
P16,P16,UK,9.57,SP20,5418
P16,P16,UK,9.57,SP21,22833
P16,P16,UK,9.57,SP22,33430.5
P16,P16,UK,9.57,SP23,18483.75
P16,P16,USA,9.57,SP01,50877
P16,P16,USA,9.57,SP02,19219.5
P16,P16,USA,9.57,SP03,26754.75
P16,P16,USA,9.57,SP04,9911.25
P16,P16,USA,9.57,SP05,9596.25
P16,P16,USA,9.57,SP06,29364.75
P16,P16,USA,9.57,SP07,67500
P16,P16,USA,9.57,SP08,10566
P16,P16,USA,9.57,SP09,28082.25
P16,P16,USA,9.57,SP10,39836.25
P16,P16,USA,9.57,SP11,3924
P16,P16,USA,9.57,SP12,4313.25
P16,P16,USA,9.57,SP13,32366.25
P16,P16,USA,9.57,SP14,2022.75
P16,P16,USA,9.57,SP15,4009.5
P16,P16,USA,9.57,SP16,9506.25
P16,P16,USA,9.57,SP17,7449.75
P16,P16,USA,9.57,SP18,24405.75
P16,P16,USA,9.57,SP19,10894.5
P16,P16,USA,9.57,SP20,6574.5
P16,P16,USA,9.57,SP21,36627.75
P16,P16,USA,9.57,SP22,33673.5
P16,P16,USA,9.57,SP23,19287
P16,P16,USA,9.57,SP25,2283.75
P17,P17,Australia,8.43,SP01,16200
P17,P17,Australia,8.43,SP02,4817.25
P17,P17,Australia,8.43,SP03,13486.5
P17,P17,Australia,8.43,SP04,3395.25
P17,P17,Australia,8.43,SP05,19617.75
P17,P17,Australia,8.43,SP06,17723.25
P17,P17,Australia,8.43,SP07,14175
P17,P17,Australia,8.43,SP08,8698.5
P17,P17,Australia,8.43,SP09,27110.25
P17,P17,Australia,8.43,SP10,26196.75
P17,P17,Australia,8.43,SP11,10575
P17,P17,Australia,8.43,SP12,17235
P17,P17,Australia,8.43,SP13,42147
P17,P17,Australia,8.43,SP14,3096
P17,P17,Australia,8.43,SP15,5159.25
P17,P17,Australia,8.43,SP16,7346.25
P17,P17,Australia,8.43,SP17,5573.25
P17,P17,Australia,8.43,SP18,10793.25
P17,P17,Australia,8.43,SP19,13259.25
P17,P17,Australia,8.43,SP20,8142.75
P17,P17,Australia,8.43,SP21,63
P17,P17,Australia,8.43,SP22,20729.25
P17,P17,Australia,8.43,SP23,3620.25
P17,P17,Australia,8.43,SP25,7305.75
P17,P17,Canada,8.43,SP01,14631.75
P17,P17,Canada,8.43,SP03,10374.75
P17,P17,Canada,8.43,SP07,3024
P17,P17,Canada,8.43,SP08,15948
P17,P17,Canada,8.43,SP09,8561.25
P17,P17,Canada,8.43,SP10,5181.75
P17,P17,Canada,8.43,SP13,5267.25
P17,P17,Canada,8.43,SP19,951.75
P17,P17,Canada,8.43,SP21,5157
P17,P17,Canada,8.43,SP22,10246.5
P17,P17,Canada,8.43,SP23,9722.25
P17,P17,Canada,8.43,SP24,110.25
P17,P17,India,8.43,SP01,27418.5
P17,P17,India,8.43,SP02,51129
P17,P17,India,8.43,SP03,25292.25
P17,P17,India,8.43,SP04,6140.25
P17,P17,India,8.43,SP05,20965.5
P17,P17,India,8.43,SP06,20983.5
P17,P17,India,8.43,SP07,38187
P17,P17,India,8.43,SP08,12780
P17,P17,India,8.43,SP09,27519.75
P17,P17,India,8.43,SP10,8743.5
P17,P17,India,8.43,SP11,16800.75
P17,P17,India,8.43,SP12,11421
P17,P17,India,8.43,SP13,24975
P17,P17,India,8.43,SP14,2580.75
P17,P17,India,8.43,SP15,8709.75
P17,P17,India,8.43,SP16,25733.25
P17,P17,India,8.43,SP17,11745
P17,P17,India,8.43,SP18,13785.75
P17,P17,India,8.43,SP19,8190
P17,P17,India,8.43,SP20,8455.5
P17,P17,India,8.43,SP21,41566.5
P17,P17,India,8.43,SP22,20904.75
P17,P17,India,8.43,SP23,11468.25
P17,P17,India,8.43,SP24,918
P17,P17,India,8.43,SP25,2232
P17,P17,New Zealand,8.43,SP01,21685.5
P17,P17,New Zealand,8.43,SP02,6192
P17,P17,New Zealand,8.43,SP03,19678.5
P17,P17,New Zealand,8.43,SP04,1127.25
P17,P17,New Zealand,8.43,SP05,902.25
P17,P17,New Zealand,8.43,SP06,34731
P17,P17,New Zealand,8.43,SP07,27542.25
P17,P17,New Zealand,8.43,SP08,34454.25
P17,P17,New Zealand,8.43,SP09,6032.25
P17,P17,New Zealand,8.43,SP10,1827
P17,P17,New Zealand,8.43,SP12,17343
P17,P17,New Zealand,8.43,SP13,23364
P17,P17,New Zealand,8.43,SP14,328.5
P17,P17,New Zealand,8.43,SP16,12966.75
P17,P17,New Zealand,8.43,SP17,9135
P17,P17,New Zealand,8.43,SP18,16949.25
P17,P17,New Zealand,8.43,SP19,14100.75
P17,P17,New Zealand,8.43,SP20,5485.5
P17,P17,New Zealand,8.43,SP21,6140.25
P17,P17,New Zealand,8.43,SP22,2360.25
P17,P17,New Zealand,8.43,SP23,1602
P17,P17,New Zealand,8.43,SP24,3087
P17,P17,UK,8.43,SP01,37260
P17,P17,UK,8.43,SP02,34137
P17,P17,UK,8.43,SP03,31920.75
P17,P17,UK,8.43,SP04,30163.5
P17,P17,UK,8.43,SP05,32359.5
P17,P17,UK,8.43,SP06,36612
P17,P17,UK,8.43,SP07,48033
P17,P17,UK,8.43,SP08,20070
P17,P17,UK,8.43,SP09,1217.25
P17,P17,UK,8.43,SP10,62406
P17,P17,UK,8.43,SP11,19966.5
P17,P17,UK,8.43,SP12,29481.75
P17,P17,UK,8.43,SP13,35757
P17,P17,UK,8.43,SP16,11412
P17,P17,UK,8.43,SP17,9738
P17,P17,UK,8.43,SP18,32082.75
P17,P17,UK,8.43,SP19,7672.5
P17,P17,UK,8.43,SP21,22108.5
P17,P17,UK,8.43,SP22,29846.25
P17,P17,UK,8.43,SP23,7022.25
P17,P17,UK,8.43,SP24,5874.75
P17,P17,UK,8.43,SP25,7024.5
P17,P17,USA,8.43,SP01,37068.75
P17,P17,USA,8.43,SP02,34607.25
P17,P17,USA,8.43,SP03,12402
P17,P17,USA,8.43,SP04,2783.25
P17,P17,USA,8.43,SP05,4200.75
P17,P17,USA,8.43,SP06,11623.5
P17,P17,USA,8.43,SP07,42945.75
P17,P17,USA,8.43,SP08,32373
P17,P17,USA,8.43,SP09,2556
P17,P17,USA,8.43,SP10,11652.75
P17,P17,USA,8.43,SP11,20569.5
P17,P17,USA,8.43,SP12,1138.5
P17,P17,USA,8.43,SP13,10932.75
P17,P17,USA,8.43,SP15,12237.75
P17,P17,USA,8.43,SP16,5622.75
P17,P17,USA,8.43,SP17,2706.75
P17,P17,USA,8.43,SP18,10707.75
P17,P17,USA,8.43,SP19,22920.75
P17,P17,USA,8.43,SP20,7211.25
P17,P17,USA,8.43,SP21,37894.5
P17,P17,USA,8.43,SP22,14215.5
P17,P17,USA,8.43,SP23,13914
P17,P17,USA,8.43,SP25,5220
P18,P18,Australia,6.8,SP01,9515.25
P18,P18,Australia,6.8,SP02,85329
P18,P18,Australia,6.8,SP03,64107
P18,P18,Australia,6.8,SP04,22171.5
P18,P18,Australia,6.8,SP05,4986
P18,P18,Australia,6.8,SP06,32269.5
P18,P18,Australia,6.8,SP07,34314.75
P18,P18,Australia,6.8,SP08,25751.25
P18,P18,Australia,6.8,SP09,33331.5
P18,P18,Australia,6.8,SP10,23782.5
P18,P18,Australia,6.8,SP11,47036.25
P18,P18,Australia,6.8,SP12,13655.25
P18,P18,Australia,6.8,SP13,40797
P18,P18,Australia,6.8,SP15,19662.75
P18,P18,Australia,6.8,SP16,16956
P18,P18,Australia,6.8,SP17,78027.75
P18,P18,Australia,6.8,SP18,18135
P18,P18,Australia,6.8,SP19,1368
P18,P18,Australia,6.8,SP20,15826.5
P18,P18,Australia,6.8,SP21,13947.75
P18,P18,Australia,6.8,SP22,23928.75
P18,P18,Australia,6.8,SP23,12696.75
P18,P18,Australia,6.8,SP24,11765.25
P18,P18,Australia,6.8,SP25,17095.5
P18,P18,Canada,6.8,SP01,36567
P18,P18,Canada,6.8,SP02,8689.5
P18,P18,Canada,6.8,SP03,3559.5
P18,P18,Canada,6.8,SP06,30870
P18,P18,Canada,6.8,SP07,5015.25
P18,P18,Canada,6.8,SP08,5508
P18,P18,Canada,6.8,SP10,8275.5
P18,P18,Canada,6.8,SP13,13185
P18,P18,Canada,6.8,SP16,5049
P18,P18,Canada,6.8,SP17,2394
P18,P18,Canada,6.8,SP21,3507.75
P18,P18,Canada,6.8,SP22,29778.75
P18,P18,Canada,6.8,SP25,8487
P18,P18,India,6.8,SP01,65412
P18,P18,India,6.8,SP02,91640.25
P18,P18,India,6.8,SP03,53183.25
P18,P18,India,6.8,SP04,16429.5
P18,P18,India,6.8,SP05,4819.5
P18,P18,India,6.8,SP06,68742
P18,P18,India,6.8,SP07,73525.5
P18,P18,India,6.8,SP08,57199.5
P18,P18,India,6.8,SP09,19446.75
P18,P18,India,6.8,SP10,40450.5
P18,P18,India,6.8,SP11,58853.25
P18,P18,India,6.8,SP13,47560.5
P18,P18,India,6.8,SP14,59796
P18,P18,India,6.8,SP15,16789.5
P18,P18,India,6.8,SP16,36276.75
P18,P18,India,6.8,SP17,14301
P18,P18,India,6.8,SP18,18873
P18,P18,India,6.8,SP19,34767
P18,P18,India,6.8,SP20,4779
P18,P18,India,6.8,SP21,19073.25
P18,P18,India,6.8,SP22,39723.75
P18,P18,India,6.8,SP23,14094
P18,P18,India,6.8,SP24,9423
P18,P18,India,6.8,SP25,11180.25
P18,P18,New Zealand,6.8,SP01,49779
P18,P18,New Zealand,6.8,SP02,17221.5
P18,P18,New Zealand,6.8,SP03,38909.25
P18,P18,New Zealand,6.8,SP05,9452.25
P18,P18,New Zealand,6.8,SP06,39971.25
P18,P18,New Zealand,6.8,SP07,34647.75
P18,P18,New Zealand,6.8,SP08,19332
P18,P18,New Zealand,6.8,SP09,16814.25
P18,P18,New Zealand,6.8,SP11,8590.5
P18,P18,New Zealand,6.8,SP12,20207.25
P18,P18,New Zealand,6.8,SP13,53579.25
P18,P18,New Zealand,6.8,SP16,19840.5
P18,P18,New Zealand,6.8,SP17,4745.25
P18,P18,New Zealand,6.8,SP18,16596
P18,P18,New Zealand,6.8,SP19,29553.75
P18,P18,New Zealand,6.8,SP21,29340
P18,P18,New Zealand,6.8,SP22,10577.25
P18,P18,New Zealand,6.8,SP23,36702
P18,P18,New Zealand,6.8,SP24,8986.5
P18,P18,UK,6.8,SP01,75440.25
P18,P18,UK,6.8,SP02,50125.5
P18,P18,UK,6.8,SP03,77064.75
P18,P18,UK,6.8,SP04,20567.25
P18,P18,UK,6.8,SP05,3246.75
P18,P18,UK,6.8,SP06,34920
P18,P18,UK,6.8,SP07,51752.25
P18,P18,UK,6.8,SP08,50193
P18,P18,UK,6.8,SP09,7877.25
P18,P18,UK,6.8,SP10,30975.75
P18,P18,UK,6.8,SP11,47405.25
P18,P18,UK,6.8,SP12,21784.5
P18,P18,UK,6.8,SP13,11317.5
P18,P18,UK,6.8,SP14,20927.25
P18,P18,UK,6.8,SP15,26752.5
P18,P18,UK,6.8,SP16,24250.5
P18,P18,UK,6.8,SP17,21098.25
P18,P18,UK,6.8,SP18,31196.25
P18,P18,UK,6.8,SP19,16051.5
P18,P18,UK,6.8,SP20,21390.75
P18,P18,UK,6.8,SP21,7879.5
P18,P18,UK,6.8,SP22,39235.5
P18,P18,UK,6.8,SP23,25623
P18,P18,UK,6.8,SP24,5233.5
P18,P18,UK,6.8,SP25,14116.5
P18,P18,USA,6.8,SP01,47434.5
P18,P18,USA,6.8,SP02,52029
P18,P18,USA,6.8,SP03,2783.25
P18,P18,USA,6.8,SP04,25116.75
P18,P18,USA,6.8,SP05,5710.5
P18,P18,USA,6.8,SP06,39703.5
P18,P18,USA,6.8,SP07,42799.5
P18,P18,USA,6.8,SP08,29074.5
P18,P18,USA,6.8,SP09,26340.75
P18,P18,USA,6.8,SP10,12685.5
P18,P18,USA,6.8,SP11,1932.75
P18,P18,USA,6.8,SP13,50154.75
P18,P18,USA,6.8,SP14,13335.75
P18,P18,USA,6.8,SP15,24027.75
P18,P18,USA,6.8,SP16,31079.25
P18,P18,USA,6.8,SP18,49547.25
P18,P18,USA,6.8,SP19,1401.75
P18,P18,USA,6.8,SP20,7481.25
P18,P18,USA,6.8,SP21,37998
P18,P18,USA,6.8,SP22,29259
P18,P18,USA,6.8,SP23,17309.25
P18,P18,USA,6.8,SP24,10302.75
P18,P18,USA,6.8,SP25,33336
P19,P19,Australia,5.04,SP01,19750.5
P19,P19,Australia,5.04,SP02,12129.75
P19,P19,Australia,5.04,SP05,8007.75
P19,P19,Australia,5.04,SP06,19388.25
P19,P19,Australia,5.04,SP07,9900
P19,P19,Australia,5.04,SP08,18654.75
P19,P19,Australia,5.04,SP09,27380.25
P19,P19,Australia,5.04,SP10,15466.5
P19,P19,Australia,5.04,SP11,18963
P19,P19,Australia,5.04,SP12,1107
P19,P19,Australia,5.04,SP13,9092.25
P19,P19,Australia,5.04,SP15,3402
P19,P19,Australia,5.04,SP16,13626
P19,P19,Australia,5.04,SP17,14168.25
P19,P19,Australia,5.04,SP18,5994
P19,P19,Australia,5.04,SP19,25848
P19,P19,Australia,5.04,SP20,10485
P19,P19,Australia,5.04,SP21,9326.25
P19,P19,Australia,5.04,SP22,13511.25
P19,P19,Australia,5.04,SP23,6176.25
P19,P19,Australia,5.04,SP24,7589.25
P19,P19,Australia,5.04,SP25,2146.5
P19,P19,Canada,5.04,SP02,8779.5
P19,P19,Canada,5.04,SP05,1775.25
P19,P19,Canada,5.04,SP08,3388.5
P19,P19,Canada,5.04,SP09,8241.75
P19,P19,Canada,5.04,SP10,3042
P19,P19,Canada,5.04,SP11,2634.75
P19,P19,Canada,5.04,SP12,515.25
P19,P19,Canada,5.04,SP15,771.75
P19,P19,Canada,5.04,SP22,9123.75
P19,P19,Canada,5.04,SP23,3330
P19,P19,Canada,5.04,SP24,821.25
P19,P19,India,5.04,SP01,41940
P19,P19,India,5.04,SP02,15934.5
P19,P19,India,5.04,SP03,26417.25
P19,P19,India,5.04,SP04,6090.75
P19,P19,India,5.04,SP06,14026.5
P19,P19,India,5.04,SP07,17313.75
P19,P19,India,5.04,SP08,3368.25
P19,P19,India,5.04,SP09,23539.5
P19,P19,India,5.04,SP10,450
P19,P19,India,5.04,SP11,2823.75
P19,P19,India,5.04,SP12,33666.75
P19,P19,India,5.04,SP13,26768.25
P19,P19,India,5.04,SP14,4542.75
P19,P19,India,5.04,SP15,9733.5
P19,P19,India,5.04,SP16,13212
P19,P19,India,5.04,SP17,4511.25
P19,P19,India,5.04,SP18,7578
P19,P19,India,5.04,SP19,15153.75
P19,P19,India,5.04,SP20,6664.5
P19,P19,India,5.04,SP21,13695.75
P19,P19,India,5.04,SP22,9258.75
P19,P19,India,5.04,SP23,16310.25
P19,P19,New Zealand,5.04,SP01,4203
P19,P19,New Zealand,5.04,SP02,67799.25
P19,P19,New Zealand,5.04,SP03,2268
P19,P19,New Zealand,5.04,SP05,569.25
P19,P19,New Zealand,5.04,SP06,14823
P19,P19,New Zealand,5.04,SP08,1770.75
P19,P19,New Zealand,5.04,SP09,18119.25
P19,P19,New Zealand,5.04,SP10,6061.5
P19,P19,New Zealand,5.04,SP12,3854.25
P19,P19,New Zealand,5.04,SP13,6243.75
P19,P19,New Zealand,5.04,SP15,5861.25
P19,P19,New Zealand,5.04,SP17,10793.25
P19,P19,New Zealand,5.04,SP18,19113.75
P19,P19,New Zealand,5.04,SP22,3741.75
P19,P19,New Zealand,5.04,SP23,11630.25
P19,P19,New Zealand,5.04,SP25,12917.25
P19,P19,UK,5.04,SP01,587.25
P19,P19,UK,5.04,SP02,30105
P19,P19,UK,5.04,SP03,3771
P19,P19,UK,5.04,SP04,10269
P19,P19,UK,5.04,SP06,16913.25
P19,P19,UK,5.04,SP07,20828.25
P19,P19,UK,5.04,SP08,12557.25
P19,P19,UK,5.04,SP09,20742.75
P19,P19,UK,5.04,SP10,4587.75
P19,P19,UK,5.04,SP11,12127.5
P19,P19,UK,5.04,SP12,2547
P19,P19,UK,5.04,SP13,19199.25
P19,P19,UK,5.04,SP14,11585.25
P19,P19,UK,5.04,SP15,2648.25
P19,P19,UK,5.04,SP16,13423.5
P19,P19,UK,5.04,SP18,5877
P19,P19,UK,5.04,SP20,7476.75
P19,P19,UK,5.04,SP23,17608.5
P19,P19,UK,5.04,SP24,1980
P19,P19,USA,5.04,SP01,18184.5
P19,P19,USA,5.04,SP02,49140
P19,P19,USA,5.04,SP04,18438.75
P19,P19,USA,5.04,SP05,1284.75
P19,P19,USA,5.04,SP06,7580.25
P19,P19,USA,5.04,SP07,13369.5
P19,P19,USA,5.04,SP09,9058.5
P19,P19,USA,5.04,SP10,11421
P19,P19,USA,5.04,SP11,16413.75
P19,P19,USA,5.04,SP12,20441.25
P19,P19,USA,5.04,SP13,819
P19,P19,USA,5.04,SP14,330.75
P19,P19,USA,5.04,SP15,8511.75
P19,P19,USA,5.04,SP17,18231.75
P19,P19,USA,5.04,SP18,4977
P19,P19,USA,5.04,SP19,23213.25
P19,P19,USA,5.04,SP22,1284.75
P19,P19,USA,5.04,SP23,6882.75
P20,P20,Australia,2.76,SP01,34229.25
P20,P20,Australia,2.76,SP02,26669.25
P20,P20,Australia,2.76,SP03,4164.75
P20,P20,Australia,2.76,SP05,4464
P20,P20,Australia,2.76,SP06,114270.75
P20,P20,Australia,2.76,SP07,2799
P20,P20,Australia,2.76,SP08,27454.5
P20,P20,Australia,2.76,SP09,1950.75
P20,P20,Australia,2.76,SP10,5784.75
P20,P20,Australia,2.76,SP11,38693.25
P20,P20,Australia,2.76,SP12,6448.5
P20,P20,Australia,2.76,SP13,353.25
P20,P20,Australia,2.76,SP15,10579.5
P20,P20,Australia,2.76,SP16,23586.75
P20,P20,Australia,2.76,SP17,7008.75
P20,P20,Australia,2.76,SP18,19271.25
P20,P20,Australia,2.76,SP19,29724.75
P20,P20,Australia,2.76,SP20,1005.75
P20,P20,Australia,2.76,SP21,25229.25
P20,P20,Australia,2.76,SP22,14528.25
P20,P20,Australia,2.76,SP23,27963
P20,P20,Australia,2.76,SP25,3096
P20,P20,Canada,2.76,SP01,4277.25
P20,P20,Canada,2.76,SP02,30692.25
P20,P20,Canada,2.76,SP04,2211.75
P20,P20,Canada,2.76,SP08,8379
P20,P20,Canada,2.76,SP10,2403
P20,P20,Canada,2.76,SP12,17424
P20,P20,Canada,2.76,SP13,8727.75
P20,P20,Canada,2.76,SP14,6934.5
P20,P20,Canada,2.76,SP15,2970
P20,P20,Canada,2.76,SP17,2697.75
P20,P20,Canada,2.76,SP20,5415.75
P20,P20,Canada,2.76,SP22,2884.5
P20,P20,Canada,2.76,SP23,18339.75
P20,P20,India,2.76,SP01,47619
P20,P20,India,2.76,SP02,13005
P20,P20,India,2.76,SP03,6219
P20,P20,India,2.76,SP04,14762.25
P20,P20,India,2.76,SP05,8487
P20,P20,India,2.76,SP06,22488.75
P20,P20,India,2.76,SP07,13851
P20,P20,India,2.76,SP08,1554.75
P20,P20,India,2.76,SP09,4392
P20,P20,India,2.76,SP10,45524.25
P20,P20,India,2.76,SP11,27189
P20,P20,India,2.76,SP12,2191.5
P20,P20,India,2.76,SP13,1435.5
P20,P20,India,2.76,SP16,9850.5
P20,P20,India,2.76,SP17,245.25
P20,P20,India,2.76,SP18,7600.5
P20,P20,India,2.76,SP19,20074.5
P20,P20,India,2.76,SP20,2171.25
P20,P20,India,2.76,SP21,23744.25
P20,P20,India,2.76,SP22,13772.25
P20,P20,India,2.76,SP23,61467.75
P20,P20,India,2.76,SP24,1847.25
P20,P20,India,2.76,SP25,28325.25
P20,P20,New Zealand,2.76,SP01,22016.25
P20,P20,New Zealand,2.76,SP03,59161.5
P20,P20,New Zealand,2.76,SP04,1050.75
P20,P20,New Zealand,2.76,SP06,25359.75
P20,P20,New Zealand,2.76,SP07,12215.25
P20,P20,New Zealand,2.76,SP08,2967.75
P20,P20,New Zealand,2.76,SP09,40729.5
P20,P20,New Zealand,2.76,SP10,7875
P20,P20,New Zealand,2.76,SP12,8770.5
P20,P20,New Zealand,2.76,SP13,1503
P20,P20,New Zealand,2.76,SP17,11382.75
P20,P20,New Zealand,2.76,SP18,10500.75
P20,P20,New Zealand,2.76,SP22,9126
P20,P20,New Zealand,2.76,SP24,10291.5
P20,P20,UK,2.76,SP01,11279.25
P20,P20,UK,2.76,SP02,24522.75
P20,P20,UK,2.76,SP03,16897.5
P20,P20,UK,2.76,SP04,34400.25
P20,P20,UK,2.76,SP06,36609.75
P20,P20,UK,2.76,SP07,19185.75
P20,P20,UK,2.76,SP08,29718
P20,P20,UK,2.76,SP11,22695.75
P20,P20,UK,2.76,SP12,7112.25
P20,P20,UK,2.76,SP13,11850.75
P20,P20,UK,2.76,SP16,33241.5
P20,P20,UK,2.76,SP17,2967.75
P20,P20,UK,2.76,SP18,1044
P20,P20,UK,2.76,SP19,12048.75
P20,P20,UK,2.76,SP21,46147.5
P20,P20,UK,2.76,SP22,10827
P20,P20,UK,2.76,SP23,31653
P20,P20,UK,2.76,SP24,722.25
P20,P20,UK,2.76,SP25,32933.25
P20,P20,USA,2.76,SP01,76333.5
P20,P20,USA,2.76,SP02,25753.5
P20,P20,USA,2.76,SP03,14100.75
P20,P20,USA,2.76,SP04,11517.75
P20,P20,USA,2.76,SP06,13133.25
P20,P20,USA,2.76,SP07,27747
P20,P20,USA,2.76,SP09,26793
P20,P20,USA,2.76,SP11,28197
P20,P20,USA,2.76,SP12,3676.5
P20,P20,USA,2.76,SP13,1818
P20,P20,USA,2.76,SP16,9486
P20,P20,USA,2.76,SP17,6536.25
P20,P20,USA,2.76,SP18,23728.5
P20,P20,USA,2.76,SP21,4851
P20,P20,USA,2.76,SP22,17246.25
P20,P20,USA,2.76,SP23,13718.25
P20,P20,USA,2.76,SP25,1235.25
P21,P21,Australia,3.32,SP01,29749.5
P21,P21,Australia,3.32,SP02,12309.75
P21,P21,Australia,3.32,SP03,19260
P21,P21,Australia,3.32,SP04,7251.75
P21,P21,Australia,3.32,SP06,17082
P21,P21,Australia,3.32,SP07,10275.75
P21,P21,Australia,3.32,SP08,9285.75
P21,P21,Australia,3.32,SP09,6495.75
P21,P21,Australia,3.32,SP10,1633.5
P21,P21,Australia,3.32,SP11,11772
P21,P21,Australia,3.32,SP12,16143.75
P21,P21,Australia,3.32,SP13,16746.75
P21,P21,Australia,3.32,SP14,4227.75
P21,P21,Australia,3.32,SP16,20884.5
P21,P21,Australia,3.32,SP17,10417.5
P21,P21,Australia,3.32,SP18,14022
P21,P21,Australia,3.32,SP19,13797
P21,P21,Australia,3.32,SP20,10714.5
P21,P21,Australia,3.32,SP21,23118.75
P21,P21,Australia,3.32,SP22,693
P21,P21,Australia,3.32,SP23,11189.25
P21,P21,Canada,3.32,SP01,3163.5
P21,P21,Canada,3.32,SP06,2261.25
P21,P21,Canada,3.32,SP07,15057
P21,P21,Canada,3.32,SP08,12134.25
P21,P21,Canada,3.32,SP09,6309
P21,P21,Canada,3.32,SP11,560.25
P21,P21,Canada,3.32,SP13,3987
P21,P21,Canada,3.32,SP14,2079
P21,P21,Canada,3.32,SP15,8403.75
P21,P21,Canada,3.32,SP17,5989.5
P21,P21,Canada,3.32,SP18,7164
P21,P21,Canada,3.32,SP21,9625.5
P21,P21,Canada,3.32,SP25,103.5
P21,P21,India,3.32,SP01,12039.75
P21,P21,India,3.32,SP02,27625.5
P21,P21,India,3.32,SP03,16947
P21,P21,India,3.32,SP04,13347
P21,P21,India,3.32,SP05,17084.25
P21,P21,India,3.32,SP06,29331
P21,P21,India,3.32,SP07,16177.5
P21,P21,India,3.32,SP08,11718
P21,P21,India,3.32,SP09,30730.5
P21,P21,India,3.32,SP10,11477.25
P21,P21,India,3.32,SP11,27186.75
P21,P21,India,3.32,SP12,9504
P21,P21,India,3.32,SP13,20049.75
P21,P21,India,3.32,SP14,4871.25
P21,P21,India,3.32,SP15,342
P21,P21,India,3.32,SP16,4425.75
P21,P21,India,3.32,SP17,24484.5
P21,P21,India,3.32,SP18,33081.75
P21,P21,India,3.32,SP19,17601.75
P21,P21,India,3.32,SP21,54074.25
P21,P21,India,3.32,SP22,31032
P21,P21,India,3.32,SP23,11938.5
P21,P21,India,3.32,SP24,4716
P21,P21,India,3.32,SP25,3548.25
P21,P21,New Zealand,3.32,SP01,7674.75
P21,P21,New Zealand,3.32,SP02,13495.5
P21,P21,New Zealand,3.32,SP03,4743
P21,P21,New Zealand,3.32,SP04,13720.5
P21,P21,New Zealand,3.32,SP06,2315.25
P21,P21,New Zealand,3.32,SP07,11074.5
P21,P21,New Zealand,3.32,SP08,8667
P21,P21,New Zealand,3.32,SP09,17797.5
P21,P21,New Zealand,3.32,SP10,3388.5
P21,P21,New Zealand,3.32,SP12,1293.75
P21,P21,New Zealand,3.32,SP13,18220.5
P21,P21,New Zealand,3.32,SP15,17469
P21,P21,New Zealand,3.32,SP16,5636.25
P21,P21,New Zealand,3.32,SP17,45
P21,P21,New Zealand,3.32,SP19,11873.25
P21,P21,New Zealand,3.32,SP20,3514.5
P21,P21,New Zealand,3.32,SP21,5998.5
P21,P21,New Zealand,3.32,SP22,13934.25
P21,P21,New Zealand,3.32,SP23,5366.25
P21,P21,New Zealand,3.32,SP24,11461.5
P21,P21,UK,3.32,SP01,48267
P21,P21,UK,3.32,SP02,22932
P21,P21,UK,3.32,SP03,27681.75
P21,P21,UK,3.32,SP05,25022.25
P21,P21,UK,3.32,SP06,23712.75
P21,P21,UK,3.32,SP07,40358.25
P21,P21,UK,3.32,SP08,15041.25
P21,P21,UK,3.32,SP09,27771.75
P21,P21,UK,3.32,SP10,30703.5
P21,P21,UK,3.32,SP11,20763
P21,P21,UK,3.32,SP12,9515.25
P21,P21,UK,3.32,SP13,32445
P21,P21,UK,3.32,SP14,1626.75
P21,P21,UK,3.32,SP15,6570
P21,P21,UK,3.32,SP16,49056.75
P21,P21,UK,3.32,SP17,19910.25
P21,P21,UK,3.32,SP18,33437.25
P21,P21,UK,3.32,SP19,33927.75
P21,P21,UK,3.32,SP20,12073.5
P21,P21,UK,3.32,SP21,1631.25
P21,P21,UK,3.32,SP22,5240.25
P21,P21,UK,3.32,SP23,15734.25
P21,P21,UK,3.32,SP24,2331
P21,P21,UK,3.32,SP25,13459.5
P21,P21,USA,3.32,SP01,22250.25
P21,P21,USA,3.32,SP02,48253.5
P21,P21,USA,3.32,SP03,19548
P21,P21,USA,3.32,SP04,12721.5
P21,P21,USA,3.32,SP06,47684.25
P21,P21,USA,3.32,SP07,3930.75
P21,P21,USA,3.32,SP08,14586.75
P21,P21,USA,3.32,SP09,10197
P21,P21,USA,3.32,SP10,1536.75
P21,P21,USA,3.32,SP11,7449.75
P21,P21,USA,3.32,SP12,8507.25
P21,P21,USA,3.32,SP13,19251
P21,P21,USA,3.32,SP14,14557.5
P21,P21,USA,3.32,SP15,5510.25
P21,P21,USA,3.32,SP16,7130.25
P21,P21,USA,3.32,SP17,23928.75
P21,P21,USA,3.32,SP18,5044.5
P21,P21,USA,3.32,SP19,5082.75
P21,P21,USA,3.32,SP21,4430.25
P21,P21,USA,3.32,SP22,15655.5
P21,P21,USA,3.32,SP23,13000.5
P21,P21,USA,3.32,SP24,18567
P21,P21,USA,3.32,SP25,7933.5
P22,P22,Australia,2.65,SP01,50433.75
P22,P22,Australia,2.65,SP02,19325.25
P22,P22,Australia,2.65,SP03,31749.75
P22,P22,Australia,2.65,SP05,43161.75
P22,P22,Australia,2.65,SP06,84228.75
P22,P22,Australia,2.65,SP07,35784
P22,P22,Australia,2.65,SP08,39334.5
P22,P22,Australia,2.65,SP09,30732.75
P22,P22,Australia,2.65,SP10,51066
P22,P22,Australia,2.65,SP11,56898
P22,P22,Australia,2.65,SP12,13558.5
P22,P22,Australia,2.65,SP13,36571.5
P22,P22,Australia,2.65,SP15,31844.25
P22,P22,Australia,2.65,SP16,8430.75
P22,P22,Australia,2.65,SP17,24543
P22,P22,Australia,2.65,SP18,28237.5
P22,P22,Australia,2.65,SP19,27108
P22,P22,Australia,2.65,SP20,7303.5
P22,P22,Australia,2.65,SP21,45927
P22,P22,Australia,2.65,SP22,12267
P22,P22,Australia,2.65,SP23,26406
P22,P22,Australia,2.65,SP24,9675
P22,P22,Canada,2.65,SP01,11673
P22,P22,Canada,2.65,SP02,12654
P22,P22,Canada,2.65,SP03,10638
P22,P22,Canada,2.65,SP04,8439.75
P22,P22,Canada,2.65,SP05,7062.75
P22,P22,Canada,2.65,SP06,38877.75
P22,P22,Canada,2.65,SP07,29722.5
P22,P22,Canada,2.65,SP08,3026.25
P22,P22,Canada,2.65,SP09,12615.75
P22,P22,Canada,2.65,SP10,12343.5
P22,P22,Canada,2.65,SP12,7386.75
P22,P22,Canada,2.65,SP15,8592.75
P22,P22,Canada,2.65,SP16,31232.25
P22,P22,Canada,2.65,SP18,36157.5
P22,P22,Canada,2.65,SP21,17070.75
P22,P22,Canada,2.65,SP22,11425.5
P22,P22,Canada,2.65,SP23,22414.5
P22,P22,India,2.65,SP01,71964
P22,P22,India,2.65,SP02,61256.25
P22,P22,India,2.65,SP03,16881.75
P22,P22,India,2.65,SP04,16580.25
P22,P22,India,2.65,SP05,26424
P22,P22,India,2.65,SP06,24502.5
P22,P22,India,2.65,SP07,35469
P22,P22,India,2.65,SP08,26057.25
P22,P22,India,2.65,SP09,65477.25
P22,P22,India,2.65,SP10,44901
P22,P22,India,2.65,SP11,16215.75
P22,P22,India,2.65,SP12,48908.25
P22,P22,India,2.65,SP13,44642.25
P22,P22,India,2.65,SP15,7040.25
P22,P22,India,2.65,SP16,39350.25
P22,P22,India,2.65,SP17,47999.25
P22,P22,India,2.65,SP18,66174.75
P22,P22,India,2.65,SP19,49349.25
P22,P22,India,2.65,SP20,17424
P22,P22,India,2.65,SP21,33772.5
P22,P22,India,2.65,SP22,27765
P22,P22,India,2.65,SP23,6813
P22,P22,India,2.65,SP24,14600.25
P22,P22,India,2.65,SP25,36506.25
P22,P22,New Zealand,2.65,SP01,24887.25
P22,P22,New Zealand,2.65,SP02,21433.5
P22,P22,New Zealand,2.65,SP03,24255
P22,P22,New Zealand,2.65,SP04,1923.75
P22,P22,New Zealand,2.65,SP05,16382.25
P22,P22,New Zealand,2.65,SP06,38344.5
P22,P22,New Zealand,2.65,SP07,9868.5
P22,P22,New Zealand,2.65,SP08,28665
P22,P22,New Zealand,2.65,SP09,9938.25
P22,P22,New Zealand,2.65,SP10,22700.25
P22,P22,New Zealand,2.65,SP11,2673
P22,P22,New Zealand,2.65,SP12,7236
P22,P22,New Zealand,2.65,SP13,20124
P22,P22,New Zealand,2.65,SP15,6489
P22,P22,New Zealand,2.65,SP16,10968.75
P22,P22,New Zealand,2.65,SP17,29634.75
P22,P22,New Zealand,2.65,SP18,34625.25
P22,P22,New Zealand,2.65,SP19,17336.25
P22,P22,New Zealand,2.65,SP20,1062
P22,P22,New Zealand,2.65,SP21,9654.75
P22,P22,New Zealand,2.65,SP22,17169.75
P22,P22,New Zealand,2.65,SP23,4254.75
P22,P22,New Zealand,2.65,SP25,21777.75
P22,P22,UK,2.65,SP01,59301
P22,P22,UK,2.65,SP02,39690
P22,P22,UK,2.65,SP03,16929
P22,P22,UK,2.65,SP04,15750
P22,P22,UK,2.65,SP05,28739.25
P22,P22,UK,2.65,SP06,8068.5
P22,P22,UK,2.65,SP07,35703
P22,P22,UK,2.65,SP08,32143.5
P22,P22,UK,2.65,SP09,26538.75
P22,P22,UK,2.65,SP10,42480
P22,P22,UK,2.65,SP11,26975.25
P22,P22,UK,2.65,SP12,39633.75
P22,P22,UK,2.65,SP13,36198
P22,P22,UK,2.65,SP14,16530.75
P22,P22,UK,2.65,SP15,62376.75
P22,P22,UK,2.65,SP16,36735.75
P22,P22,UK,2.65,SP17,47855.25
P22,P22,UK,2.65,SP18,31149
P22,P22,UK,2.65,SP19,4938.75
P22,P22,UK,2.65,SP20,46597.5
P22,P22,UK,2.65,SP21,94950
P22,P22,UK,2.65,SP22,50161.5
P22,P22,UK,2.65,SP23,18420.75
P22,P22,UK,2.65,SP24,19527.75
P22,P22,USA,2.65,SP01,39521.25
P22,P22,USA,2.65,SP02,18884.25
P22,P22,USA,2.65,SP03,22189.5
P22,P22,USA,2.65,SP04,17061.75
P22,P22,USA,2.65,SP05,4538.25
P22,P22,USA,2.65,SP06,87918.75
P22,P22,USA,2.65,SP07,35878.5
P22,P22,USA,2.65,SP08,48318.75
P22,P22,USA,2.65,SP09,22288.5
P22,P22,USA,2.65,SP10,41690.25
P22,P22,USA,2.65,SP11,11160
P22,P22,USA,2.65,SP12,13801.5
P22,P22,USA,2.65,SP13,16524
P22,P22,USA,2.65,SP14,33102
P22,P22,USA,2.65,SP15,29351.25
P22,P22,USA,2.65,SP16,31063.5
P22,P22,USA,2.65,SP17,48352.5
P22,P22,USA,2.65,SP18,43881.75
P22,P22,USA,2.65,SP19,26176.5
P22,P22,USA,2.65,SP20,16263
P22,P22,USA,2.65,SP21,14928.75
P22,P22,USA,2.65,SP22,29360.25
P22,P22,USA,2.65,SP23,32269.5
