PID,PID,Region,SPID,Geo,Sum of Cost_per_box
P15,P15,Americas,SP01,Canada,12.41
P15,P15,Americas,SP01,USA,12.41
P15,P15,Americas,SP02,Canada,12.41
P15,P15,Americas,SP02,USA,12.41
P15,P15,Americas,SP04,Canada,12.41
P15,P15,Americas,SP04,USA,12.41
P15,P15,Americas,SP05,USA,12.41
P15,P15,Americas,SP06,Canada,12.41
P15,P15,Americas,SP06,USA,12.41
P15,P15,Americas,SP07,USA,12.41
P15,P15,Americas,SP08,USA,12.41
P15,P15,Americas,SP09,USA,12.41
P15,P15,Americas,SP10,USA,12.41
P15,P15,Americas,SP11,USA,12.41
P15,P15,Americas,SP13,Canada,12.41
P15,P15,Americas,SP14,USA,12.41
P15,P15,Americas,SP16,Canada,12.41
P15,P15,Americas,SP16,USA,12.41
P15,P15,Americas,SP18,Canada,12.41
P15,P15,Americas,SP18,USA,12.41
P15,P15,Americas,SP19,USA,12.41
P15,P15,Americas,SP24,USA,12.41
P15,P15,APAC,SP01,Australia,12.41
P15,P15,APAC,SP01,New Zealand,12.41
P15,P15,APAC,SP02,India,12.41
P15,P15,APAC,SP02,New Zealand,12.41
P15,P15,APAC,SP03,Australia,12.41
P15,P15,APAC,SP03,India,12.41
P15,P15,APAC,SP03,New Zealand,12.41
P15,P15,APAC,SP04,India,12.41
P15,P15,APAC,SP04,New Zealand,12.41
P15,P15,APAC,SP05,New Zealand,12.41
P15,P15,APAC,SP06,Australia,12.41
P15,P15,APAC,SP06,India,12.41
P15,P15,APAC,SP06,New Zealand,12.41
P15,P15,APAC,SP07,Australia,12.41
P15,P15,APAC,SP07,India,12.41
P15,P15,APAC,SP07,New Zealand,12.41
P15,P15,APAC,SP08,Australia,12.41
P15,P15,APAC,SP09,India,12.41
P15,P15,APAC,SP09,New Zealand,12.41
P15,P15,APAC,SP10,Australia,12.41
P15,P15,APAC,SP10,India,12.41
P15,P15,APAC,SP11,Australia,12.41
P15,P15,APAC,SP11,India,12.41
P15,P15,APAC,SP11,New Zealand,12.41
P15,P15,APAC,SP12,India,12.41
P15,P15,APAC,SP12,New Zealand,12.41
P15,P15,APAC,SP13,Australia,12.41
P15,P15,APAC,SP13,India,12.41
P15,P15,APAC,SP13,New Zealand,12.41
P15,P15,APAC,SP14,Australia,12.41
P15,P15,APAC,SP15,Australia,12.41
P15,P15,APAC,SP16,Australia,12.41
P15,P15,APAC,SP16,India,12.41
P15,P15,APAC,SP17,Australia,12.41
P15,P15,APAC,SP17,India,12.41
P15,P15,APAC,SP17,New Zealand,12.41
P15,P15,APAC,SP18,Australia,12.41
P15,P15,APAC,SP18,India,12.41
P15,P15,APAC,SP19,Australia,12.41
P15,P15,APAC,SP19,India,12.41
P15,P15,APAC,SP20,India,12.41
P15,P15,APAC,SP21,Australia,12.41
P15,P15,APAC,SP22,India,12.41
P15,P15,APAC,SP23,India,12.41
P15,P15,APAC,SP25,Australia,12.41
P15,P15,APAC,SP25,New Zealand,12.41
P15,P15,Europe,SP01,UK,12.41
P15,P15,Europe,SP02,UK,12.41
P15,P15,Europe,SP03,UK,12.41
P15,P15,Europe,SP04,UK,12.41
P15,P15,Europe,SP05,UK,12.41
P15,P15,Europe,SP06,UK,12.41
P15,P15,Europe,SP07,UK,12.41
P15,P15,Europe,SP08,UK,12.41
P15,P15,Europe,SP10,UK,12.41
P15,P15,Europe,SP11,UK,12.41
P15,P15,Europe,SP12,UK,12.41
P15,P15,Europe,SP13,UK,12.41
P15,P15,Europe,SP14,UK,12.41
P15,P15,Europe,SP15,UK,12.41
P15,P15,Europe,SP16,UK,12.41
P15,P15,Europe,SP17,UK,12.41
P15,P15,Europe,SP18,UK,12.41
P15,P15,Europe,SP19,UK,12.41
P15,P15,Europe,SP21,UK,12.41
P15,P15,Europe,SP22,UK,12.41
P15,P15,Europe,SP23,UK,12.41
P15,P15,Europe,SP24,UK,12.41
P13,P13,Americas,SP01,Canada,10.51
P13,P13,Americas,SP01,USA,10.51
P13,P13,Americas,SP02,Canada,10.51
P13,P13,Americas,SP02,USA,10.51
P13,P13,Americas,SP03,Canada,10.51
P13,P13,Americas,SP03,USA,10.51
P13,P13,Americas,SP04,Canada,10.51
P13,P13,Americas,SP04,USA,10.51
P13,P13,Americas,SP05,Canada,10.51
P13,P13,Americas,SP05,USA,10.51
P13,P13,Americas,SP06,Canada,10.51
P13,P13,Americas,SP06,USA,10.51
P13,P13,Americas,SP07,Canada,10.51
P13,P13,Americas,SP07,USA,10.51
P13,P13,Americas,SP08,Canada,10.51
P13,P13,Americas,SP08,USA,10.51
P13,P13,Americas,SP09,Canada,10.51
P13,P13,Americas,SP09,USA,10.51
P13,P13,Americas,SP10,Canada,10.51
P13,P13,Americas,SP10,USA,10.51
P13,P13,Americas,SP11,Canada,10.51
P13,P13,Americas,SP11,USA,10.51
P13,P13,Americas,SP12,Canada,10.51
P13,P13,Americas,SP12,USA,10.51
P13,P13,Americas,SP13,Canada,10.51
P13,P13,Americas,SP13,USA,10.51
P13,P13,Americas,SP15,USA,10.51
P13,P13,Americas,SP16,Canada,10.51
P13,P13,Americas,SP16,USA,10.51
P13,P13,Americas,SP17,Canada,10.51
P13,P13,Americas,SP17,USA,10.51
P13,P13,Americas,SP18,Canada,10.51
P13,P13,Americas,SP18,USA,10.51
P13,P13,Americas,SP19,Canada,10.51
P13,P13,Americas,SP19,USA,10.51
P13,P13,Americas,SP20,USA,10.51
P13,P13,Americas,SP21,USA,10.51
P13,P13,Americas,SP22,Canada,10.51
P13,P13,Americas,SP22,USA,10.51
P13,P13,Americas,SP23,Canada,10.51
P13,P13,Americas,SP24,Canada,10.51
P13,P13,Americas,SP24,USA,10.51
P13,P13,Americas,SP25,Canada,10.51
P13,P13,Americas,SP25,USA,10.51
P13,P13,APAC,SP01,Australia,10.51
P13,P13,APAC,SP01,India,10.51
P13,P13,APAC,SP01,New Zealand,10.51
P13,P13,APAC,SP02,Australia,10.51
P13,P13,APAC,SP02,India,10.51
P13,P13,APAC,SP02,New Zealand,10.51
P13,P13,APAC,SP03,Australia,10.51
P13,P13,APAC,SP03,India,10.51
P13,P13,APAC,SP03,New Zealand,10.51
P13,P13,APAC,SP04,Australia,10.51
P13,P13,APAC,SP04,India,10.51
P13,P13,APAC,SP04,New Zealand,10.51
P13,P13,APAC,SP05,Australia,10.51
P13,P13,APAC,SP05,India,10.51
P13,P13,APAC,SP05,New Zealand,10.51
P13,P13,APAC,SP06,Australia,10.51
P13,P13,APAC,SP06,India,10.51
P13,P13,APAC,SP06,New Zealand,10.51
P13,P13,APAC,SP07,Australia,10.51
P13,P13,APAC,SP07,India,10.51
P13,P13,APAC,SP07,New Zealand,10.51
P13,P13,APAC,SP08,Australia,10.51
P13,P13,APAC,SP08,India,10.51
P13,P13,APAC,SP08,New Zealand,10.51
P13,P13,APAC,SP09,Australia,10.51
P13,P13,APAC,SP09,India,10.51
P13,P13,APAC,SP09,New Zealand,10.51
P13,P13,APAC,SP10,Australia,10.51
P13,P13,APAC,SP10,India,10.51
P13,P13,APAC,SP10,New Zealand,10.51
P13,P13,APAC,SP11,Australia,10.51
P13,P13,APAC,SP11,India,10.51
P13,P13,APAC,SP11,New Zealand,10.51
P13,P13,APAC,SP12,Australia,10.51
P13,P13,APAC,SP12,India,10.51
P13,P13,APAC,SP12,New Zealand,10.51
P13,P13,APAC,SP13,Australia,10.51
P13,P13,APAC,SP13,India,10.51
P13,P13,APAC,SP13,New Zealand,10.51
P13,P13,APAC,SP14,Australia,10.51
P13,P13,APAC,SP14,India,10.51
P13,P13,APAC,SP14,New Zealand,10.51
P13,P13,APAC,SP15,Australia,10.51
P13,P13,APAC,SP15,India,10.51
P13,P13,APAC,SP15,New Zealand,10.51
P13,P13,APAC,SP16,Australia,10.51
P13,P13,APAC,SP16,India,10.51
P13,P13,APAC,SP16,New Zealand,10.51
P13,P13,APAC,SP17,Australia,10.51
P13,P13,APAC,SP17,India,10.51
P13,P13,APAC,SP17,New Zealand,10.51
P13,P13,APAC,SP18,Australia,10.51
P13,P13,APAC,SP18,India,10.51
P13,P13,APAC,SP18,New Zealand,10.51
P13,P13,APAC,SP19,Australia,10.51
P13,P13,APAC,SP19,India,10.51
P13,P13,APAC,SP19,New Zealand,10.51
P13,P13,APAC,SP20,Australia,10.51
P13,P13,APAC,SP20,India,10.51
P13,P13,APAC,SP21,Australia,10.51
P13,P13,APAC,SP21,India,10.51
P13,P13,APAC,SP21,New Zealand,10.51
P13,P13,APAC,SP22,Australia,10.51
P13,P13,APAC,SP22,India,10.51
P13,P13,APAC,SP22,New Zealand,10.51
P13,P13,APAC,SP23,Australia,10.51
P13,P13,APAC,SP23,India,10.51
P13,P13,APAC,SP23,New Zealand,10.51
P13,P13,APAC,SP24,Australia,10.51
P13,P13,APAC,SP24,India,10.51
P13,P13,APAC,SP25,India,10.51
P13,P13,APAC,SP25,New Zealand,10.51
P13,P13,Europe,SP01,UK,10.51
P13,P13,Europe,SP02,UK,10.51
P13,P13,Europe,SP03,UK,10.51
P13,P13,Europe,SP04,UK,10.51
P13,P13,Europe,SP05,UK,10.51
P13,P13,Europe,SP06,UK,10.51
P13,P13,Europe,SP07,UK,10.51
P13,P13,Europe,SP08,UK,10.51
P13,P13,Europe,SP09,UK,10.51
P13,P13,Europe,SP10,UK,10.51
P13,P13,Europe,SP11,UK,10.51
P13,P13,Europe,SP12,UK,10.51
P13,P13,Europe,SP13,UK,10.51
P13,P13,Europe,SP15,UK,10.51
P13,P13,Europe,SP16,UK,10.51
P13,P13,Europe,SP17,UK,10.51
P13,P13,Europe,SP18,UK,10.51
P13,P13,Europe,SP19,UK,10.51
P13,P13,Europe,SP20,UK,10.51
P13,P13,Europe,SP21,UK,10.51
P13,P13,Europe,SP22,UK,10.51
P13,P13,Europe,SP23,UK,10.51
P13,P13,Europe,SP24,UK,10.51
P13,P13,Europe,SP25,UK,10.51
P11,P11,Americas,SP01,USA,10.23
P11,P11,Americas,SP02,Canada,10.23
P11,P11,Americas,SP02,USA,10.23
P11,P11,Americas,SP03,USA,10.23
P11,P11,Americas,SP04,Canada,10.23
P11,P11,Americas,SP04,USA,10.23
P11,P11,Americas,SP05,Canada,10.23
P11,P11,Americas,SP05,USA,10.23
P11,P11,Americas,SP06,USA,10.23
P11,P11,Americas,SP09,Canada,10.23
P11,P11,Americas,SP10,Canada,10.23
P11,P11,Americas,SP10,USA,10.23
P11,P11,Americas,SP11,USA,10.23
P11,P11,Americas,SP12,USA,10.23
P11,P11,Americas,SP15,USA,10.23
P11,P11,Americas,SP16,USA,10.23
P11,P11,Americas,SP17,Canada,10.23
P11,P11,Americas,SP17,USA,10.23
P11,P11,Americas,SP18,USA,10.23
P11,P11,Americas,SP19,Canada,10.23
P11,P11,Americas,SP19,USA,10.23
P11,P11,Americas,SP20,Canada,10.23
P11,P11,Americas,SP20,USA,10.23
P11,P11,Americas,SP21,USA,10.23
P11,P11,Americas,SP22,Canada,10.23
P11,P11,Americas,SP22,USA,10.23
P11,P11,APAC,SP01,Australia,10.23
P11,P11,APAC,SP01,India,10.23
P11,P11,APAC,SP02,Australia,10.23
P11,P11,APAC,SP02,India,10.23
P11,P11,APAC,SP03,Australia,10.23
P11,P11,APAC,SP03,India,10.23
P11,P11,APAC,SP03,New Zealand,10.23
P11,P11,APAC,SP04,Australia,10.23
P11,P11,APAC,SP04,India,10.23
P11,P11,APAC,SP05,India,10.23
P11,P11,APAC,SP06,Australia,10.23
P11,P11,APAC,SP06,India,10.23
P11,P11,APAC,SP06,New Zealand,10.23
P11,P11,APAC,SP07,Australia,10.23
P11,P11,APAC,SP07,New Zealand,10.23
P11,P11,APAC,SP08,India,10.23
P11,P11,APAC,SP08,New Zealand,10.23
P11,P11,APAC,SP09,Australia,10.23
P11,P11,APAC,SP09,India,10.23
P11,P11,APAC,SP09,New Zealand,10.23
P11,P11,APAC,SP10,Australia,10.23
P11,P11,APAC,SP10,India,10.23
P11,P11,APAC,SP11,India,10.23
P11,P11,APAC,SP13,Australia,10.23
P11,P11,APAC,SP13,India,10.23
P11,P11,APAC,SP15,India,10.23
P11,P11,APAC,SP16,Australia,10.23
P11,P11,APAC,SP16,India,10.23
P11,P11,APAC,SP16,New Zealand,10.23
P11,P11,APAC,SP17,Australia,10.23
P11,P11,APAC,SP17,India,10.23
P11,P11,APAC,SP17,New Zealand,10.23
P11,P11,APAC,SP18,Australia,10.23
P11,P11,APAC,SP18,India,10.23
P11,P11,APAC,SP18,New Zealand,10.23
P11,P11,APAC,SP19,Australia,10.23
P11,P11,APAC,SP19,India,10.23
P11,P11,APAC,SP19,New Zealand,10.23
P11,P11,APAC,SP20,New Zealand,10.23
P11,P11,APAC,SP21,Australia,10.23
P11,P11,APAC,SP21,India,10.23
P11,P11,APAC,SP22,Australia,10.23
P11,P11,APAC,SP22,India,10.23
P11,P11,APAC,SP23,Australia,10.23
P11,P11,APAC,SP23,India,10.23
P11,P11,APAC,SP23,New Zealand,10.23
P11,P11,APAC,SP25,India,10.23
P11,P11,APAC,SP25,New Zealand,10.23
P11,P11,Europe,SP01,UK,10.23
P11,P11,Europe,SP02,UK,10.23
P11,P11,Europe,SP03,UK,10.23
P11,P11,Europe,SP04,UK,10.23
P11,P11,Europe,SP06,UK,10.23
P11,P11,Europe,SP07,UK,10.23
P11,P11,Europe,SP08,UK,10.23
P11,P11,Europe,SP09,UK,10.23
P11,P11,Europe,SP10,UK,10.23
P11,P11,Europe,SP11,UK,10.23
P11,P11,Europe,SP12,UK,10.23
P11,P11,Europe,SP13,UK,10.23
P11,P11,Europe,SP14,UK,10.23
P11,P11,Europe,SP15,UK,10.23
P11,P11,Europe,SP16,UK,10.23
P11,P11,Europe,SP17,UK,10.23
P11,P11,Europe,SP18,UK,10.23
P11,P11,Europe,SP19,UK,10.23
P11,P11,Europe,SP20,UK,10.23
P11,P11,Europe,SP21,UK,10.23
P11,P11,Europe,SP22,UK,10.23
P11,P11,Europe,SP23,UK,10.23
P11,P11,Europe,SP24,UK,10.23
P07,P07,Americas,SP01,Canada,9.94
P07,P07,Americas,SP01,USA,9.94
P07,P07,Americas,SP02,Canada,9.94
P07,P07,Americas,SP02,USA,9.94
P07,P07,Americas,SP03,Canada,9.94
P07,P07,Americas,SP03,USA,9.94
P07,P07,Americas,SP04,Canada,9.94
P07,P07,Americas,SP04,USA,9.94
P07,P07,Americas,SP05,USA,9.94
P07,P07,Americas,SP06,Canada,9.94
P07,P07,Americas,SP06,USA,9.94
P07,P07,Americas,SP07,Canada,9.94
P07,P07,Americas,SP07,USA,9.94
P07,P07,Americas,SP08,Canada,9.94
P07,P07,Americas,SP08,USA,9.94
P07,P07,Americas,SP09,Canada,9.94
P07,P07,Americas,SP09,USA,9.94
P07,P07,Americas,SP10,Canada,9.94
P07,P07,Americas,SP10,USA,9.94
P07,P07,Americas,SP11,Canada,9.94
P07,P07,Americas,SP11,USA,9.94
P07,P07,Americas,SP12,USA,9.94
P07,P07,Americas,SP13,USA,9.94
P07,P07,Americas,SP14,Canada,9.94
P07,P07,Americas,SP14,USA,9.94
P07,P07,Americas,SP15,USA,9.94
P07,P07,Americas,SP16,Canada,9.94
P07,P07,Americas,SP16,USA,9.94
P07,P07,Americas,SP17,USA,9.94
P07,P07,Americas,SP18,USA,9.94
P07,P07,Americas,SP19,Canada,9.94
P07,P07,Americas,SP19,USA,9.94
P07,P07,Americas,SP20,USA,9.94
P07,P07,Americas,SP21,Canada,9.94
P07,P07,Americas,SP22,USA,9.94
P07,P07,Americas,SP23,USA,9.94
P07,P07,Americas,SP24,USA,9.94
P07,P07,Americas,SP25,Canada,9.94
P07,P07,Americas,SP25,USA,9.94
P07,P07,APAC,SP01,Australia,9.94
P07,P07,APAC,SP01,India,9.94
P07,P07,APAC,SP01,New Zealand,9.94
P07,P07,APAC,SP02,India,9.94
P07,P07,APAC,SP02,New Zealand,9.94
P07,P07,APAC,SP03,Australia,9.94
P07,P07,APAC,SP03,India,9.94
P07,P07,APAC,SP03,New Zealand,9.94
P07,P07,APAC,SP04,Australia,9.94
P07,P07,APAC,SP04,India,9.94
P07,P07,APAC,SP04,New Zealand,9.94
P07,P07,APAC,SP05,Australia,9.94
P07,P07,APAC,SP05,India,9.94
P07,P07,APAC,SP05,New Zealand,9.94
P07,P07,APAC,SP06,Australia,9.94
P07,P07,APAC,SP06,India,9.94
P07,P07,APAC,SP06,New Zealand,9.94
P07,P07,APAC,SP07,Australia,9.94
P07,P07,APAC,SP07,India,9.94
P07,P07,APAC,SP07,New Zealand,9.94
P07,P07,APAC,SP08,Australia,9.94
P07,P07,APAC,SP08,India,9.94
P07,P07,APAC,SP08,New Zealand,9.94
P07,P07,APAC,SP09,Australia,9.94
P07,P07,APAC,SP09,India,9.94
P07,P07,APAC,SP09,New Zealand,9.94
P07,P07,APAC,SP10,Australia,9.94
P07,P07,APAC,SP10,India,9.94
P07,P07,APAC,SP10,New Zealand,9.94
P07,P07,APAC,SP11,Australia,9.94
P07,P07,APAC,SP11,India,9.94
P07,P07,APAC,SP11,New Zealand,9.94
P07,P07,APAC,SP12,Australia,9.94
P07,P07,APAC,SP12,India,9.94
P07,P07,APAC,SP12,New Zealand,9.94
P07,P07,APAC,SP13,Australia,9.94
P07,P07,APAC,SP13,India,9.94
P07,P07,APAC,SP13,New Zealand,9.94
P07,P07,APAC,SP14,Australia,9.94
P07,P07,APAC,SP14,India,9.94
P07,P07,APAC,SP15,India,9.94
P07,P07,APAC,SP15,New Zealand,9.94
P07,P07,APAC,SP16,Australia,9.94
P07,P07,APAC,SP16,India,9.94
P07,P07,APAC,SP17,Australia,9.94
P07,P07,APAC,SP17,India,9.94
P07,P07,APAC,SP17,New Zealand,9.94
P07,P07,APAC,SP18,Australia,9.94
P07,P07,APAC,SP18,India,9.94
P07,P07,APAC,SP18,New Zealand,9.94
P07,P07,APAC,SP19,Australia,9.94
P07,P07,APAC,SP19,India,9.94
P07,P07,APAC,SP20,Australia,9.94
P07,P07,APAC,SP20,India,9.94
P07,P07,APAC,SP21,Australia,9.94
P07,P07,APAC,SP21,India,9.94
P07,P07,APAC,SP21,New Zealand,9.94
P07,P07,APAC,SP22,Australia,9.94
P07,P07,APAC,SP22,India,9.94
P07,P07,APAC,SP22,New Zealand,9.94
P07,P07,APAC,SP23,Australia,9.94
P07,P07,APAC,SP23,India,9.94
P07,P07,APAC,SP23,New Zealand,9.94
P07,P07,APAC,SP24,Australia,9.94
P07,P07,APAC,SP25,Australia,9.94
P07,P07,APAC,SP25,India,9.94
P07,P07,APAC,SP25,New Zealand,9.94
P07,P07,Europe,SP01,UK,9.94
P07,P07,Europe,SP02,UK,9.94
P07,P07,Europe,SP03,UK,9.94
P07,P07,Europe,SP04,UK,9.94
P07,P07,Europe,SP05,UK,9.94
P07,P07,Europe,SP06,UK,9.94
P07,P07,Europe,SP07,UK,9.94
P07,P07,Europe,SP08,UK,9.94
P07,P07,Europe,SP09,UK,9.94
P07,P07,Europe,SP10,UK,9.94
P07,P07,Europe,SP11,UK,9.94
P07,P07,Europe,SP12,UK,9.94
P07,P07,Europe,SP13,UK,9.94
P07,P07,Europe,SP14,UK,9.94
P07,P07,Europe,SP15,UK,9.94
P07,P07,Europe,SP16,UK,9.94
P07,P07,Europe,SP17,UK,9.94
P07,P07,Europe,SP18,UK,9.94
P07,P07,Europe,SP19,UK,9.94
P07,P07,Europe,SP20,UK,9.94
P07,P07,Europe,SP21,UK,9.94
P07,P07,Europe,SP22,UK,9.94
P07,P07,Europe,SP23,UK,9.94
P07,P07,Europe,SP24,UK,9.94
P07,P07,Europe,SP25,UK,9.94
P16,P16,Americas,SP01,Canada,9.57
P16,P16,Americas,SP01,USA,9.57
P16,P16,Americas,SP02,Canada,9.57
P16,P16,Americas,SP02,USA,9.57
P16,P16,Americas,SP03,Canada,9.57
P16,P16,Americas,SP03,USA,9.57
P16,P16,Americas,SP04,USA,9.57
P16,P16,Americas,SP05,USA,9.57
P16,P16,Americas,SP06,Canada,9.57
P16,P16,Americas,SP06,USA,9.57
P16,P16,Americas,SP07,Canada,9.57
P16,P16,Americas,SP07,USA,9.57
P16,P16,Americas,SP08,USA,9.57
P16,P16,Americas,SP09,USA,9.57
P16,P16,Americas,SP10,Canada,9.57
P16,P16,Americas,SP10,USA,9.57
P16,P16,Americas,SP11,Canada,9.57
P16,P16,Americas,SP11,USA,9.57
P16,P16,Americas,SP12,Canada,9.57
P16,P16,Americas,SP12,USA,9.57
P16,P16,Americas,SP13,Canada,9.57
P16,P16,Americas,SP13,USA,9.57
P16,P16,Americas,SP14,Canada,9.57
P16,P16,Americas,SP14,USA,9.57
P16,P16,Americas,SP15,USA,9.57
P16,P16,Americas,SP16,Canada,9.57
P16,P16,Americas,SP16,USA,9.57
P16,P16,Americas,SP17,Canada,9.57
P16,P16,Americas,SP17,USA,9.57
P16,P16,Americas,SP18,USA,9.57
P16,P16,Americas,SP19,USA,9.57
P16,P16,Americas,SP20,USA,9.57
P16,P16,Americas,SP21,USA,9.57
P16,P16,Americas,SP22,USA,9.57
P16,P16,Americas,SP23,USA,9.57
P16,P16,Americas,SP25,USA,9.57
P16,P16,APAC,SP01,Australia,9.57
P16,P16,APAC,SP01,India,9.57
P16,P16,APAC,SP01,New Zealand,9.57
P16,P16,APAC,SP02,Australia,9.57
P16,P16,APAC,SP02,India,9.57
P16,P16,APAC,SP02,New Zealand,9.57
P16,P16,APAC,SP03,Australia,9.57
P16,P16,APAC,SP03,India,9.57
P16,P16,APAC,SP03,New Zealand,9.57
P16,P16,APAC,SP04,Australia,9.57
P16,P16,APAC,SP04,New Zealand,9.57
P16,P16,APAC,SP05,Australia,9.57
P16,P16,APAC,SP05,India,9.57
P16,P16,APAC,SP05,New Zealand,9.57
P16,P16,APAC,SP06,Australia,9.57
P16,P16,APAC,SP06,India,9.57
P16,P16,APAC,SP06,New Zealand,9.57
P16,P16,APAC,SP07,Australia,9.57
P16,P16,APAC,SP07,India,9.57
P16,P16,APAC,SP07,New Zealand,9.57
P16,P16,APAC,SP08,Australia,9.57
P16,P16,APAC,SP08,India,9.57
P16,P16,APAC,SP08,New Zealand,9.57
P16,P16,APAC,SP09,Australia,9.57
P16,P16,APAC,SP09,India,9.57
P16,P16,APAC,SP09,New Zealand,9.57
P16,P16,APAC,SP10,Australia,9.57
P16,P16,APAC,SP10,India,9.57
P16,P16,APAC,SP10,New Zealand,9.57
P16,P16,APAC,SP11,Australia,9.57
P16,P16,APAC,SP11,India,9.57
P16,P16,APAC,SP11,New Zealand,9.57
P16,P16,APAC,SP12,Australia,9.57
P16,P16,APAC,SP12,India,9.57
P16,P16,APAC,SP12,New Zealand,9.57
P16,P16,APAC,SP13,Australia,9.57
P16,P16,APAC,SP13,India,9.57
P16,P16,APAC,SP13,New Zealand,9.57
P16,P16,APAC,SP14,Australia,9.57
P16,P16,APAC,SP14,India,9.57
P16,P16,APAC,SP14,New Zealand,9.57
P16,P16,APAC,SP15,India,9.57
P16,P16,APAC,SP16,Australia,9.57
P16,P16,APAC,SP16,India,9.57
P16,P16,APAC,SP16,New Zealand,9.57
P16,P16,APAC,SP17,Australia,9.57
P16,P16,APAC,SP17,India,9.57
P16,P16,APAC,SP17,New Zealand,9.57
P16,P16,APAC,SP18,Australia,9.57
P16,P16,APAC,SP18,India,9.57
P16,P16,APAC,SP18,New Zealand,9.57
P16,P16,APAC,SP19,Australia,9.57
P16,P16,APAC,SP19,India,9.57
P16,P16,APAC,SP19,New Zealand,9.57
P16,P16,APAC,SP20,Australia,9.57
P16,P16,APAC,SP20,India,9.57
P16,P16,APAC,SP21,Australia,9.57
P16,P16,APAC,SP21,India,9.57
P16,P16,APAC,SP21,New Zealand,9.57
P16,P16,APAC,SP22,Australia,9.57
P16,P16,APAC,SP22,India,9.57
P16,P16,APAC,SP23,Australia,9.57
P16,P16,APAC,SP23,India,9.57
P16,P16,APAC,SP23,New Zealand,9.57
P16,P16,APAC,SP24,India,9.57
P16,P16,APAC,SP24,New Zealand,9.57
P16,P16,APAC,SP25,New Zealand,9.57
P16,P16,Europe,SP01,UK,9.57
P16,P16,Europe,SP02,UK,9.57
P16,P16,Europe,SP03,UK,9.57
P16,P16,Europe,SP04,UK,9.57
P16,P16,Europe,SP05,UK,9.57
P16,P16,Europe,SP06,UK,9.57
P16,P16,Europe,SP07,UK,9.57
P16,P16,Europe,SP08,UK,9.57
P16,P16,Europe,SP09,UK,9.57
P16,P16,Europe,SP10,UK,9.57
P16,P16,Europe,SP11,UK,9.57
P16,P16,Europe,SP12,UK,9.57
P16,P16,Europe,SP13,UK,9.57
P16,P16,Europe,SP15,UK,9.57
P16,P16,Europe,SP16,UK,9.57
P16,P16,Europe,SP17,UK,9.57
P16,P16,Europe,SP18,UK,9.57
P16,P16,Europe,SP19,UK,9.57
P16,P16,Europe,SP20,UK,9.57
P16,P16,Europe,SP21,UK,9.57
P16,P16,Europe,SP22,UK,9.57
P16,P16,Europe,SP23,UK,9.57
P17,P17,Americas,SP01,Canada,8.43
P17,P17,Americas,SP01,USA,8.43
P17,P17,Americas,SP02,USA,8.43
P17,P17,Americas,SP03,Canada,8.43
P17,P17,Americas,SP03,USA,8.43
P17,P17,Americas,SP04,USA,8.43
P17,P17,Americas,SP05,USA,8.43
P17,P17,Americas,SP06,USA,8.43
P17,P17,Americas,SP07,Canada,8.43
P17,P17,Americas,SP07,USA,8.43
P17,P17,Americas,SP08,Canada,8.43
P17,P17,Americas,SP08,USA,8.43
P17,P17,Americas,SP09,Canada,8.43
P17,P17,Americas,SP09,USA,8.43
P17,P17,Americas,SP10,Canada,8.43
P17,P17,Americas,SP10,USA,8.43
P17,P17,Americas,SP11,USA,8.43
P17,P17,Americas,SP12,USA,8.43
P17,P17,Americas,SP13,Canada,8.43
P17,P17,Americas,SP13,USA,8.43
P17,P17,Americas,SP15,USA,8.43
P17,P17,Americas,SP16,USA,8.43
P17,P17,Americas,SP17,USA,8.43
P17,P17,Americas,SP18,USA,8.43
P17,P17,Americas,SP19,Canada,8.43
P17,P17,Americas,SP19,USA,8.43
P17,P17,Americas,SP20,USA,8.43
P17,P17,Americas,SP21,Canada,8.43
P17,P17,Americas,SP21,USA,8.43
P17,P17,Americas,SP22,Canada,8.43
P17,P17,Americas,SP22,USA,8.43
P17,P17,Americas,SP23,Canada,8.43
P17,P17,Americas,SP23,USA,8.43
P17,P17,Americas,SP24,Canada,8.43
P17,P17,Americas,SP25,USA,8.43
P17,P17,APAC,SP01,Australia,8.43
P17,P17,APAC,SP01,India,8.43
P17,P17,APAC,SP01,New Zealand,8.43
P17,P17,APAC,SP02,Australia,8.43
P17,P17,APAC,SP02,India,8.43
P17,P17,APAC,SP02,New Zealand,8.43
P17,P17,APAC,SP03,Australia,8.43
P17,P17,APAC,SP03,India,8.43
P17,P17,APAC,SP03,New Zealand,8.43
P17,P17,APAC,SP04,Australia,8.43
P17,P17,APAC,SP04,India,8.43
P17,P17,APAC,SP04,New Zealand,8.43
P17,P17,APAC,SP05,Australia,8.43
P17,P17,APAC,SP05,India,8.43
P17,P17,APAC,SP05,New Zealand,8.43
P17,P17,APAC,SP06,Australia,8.43
P17,P17,APAC,SP06,India,8.43
P17,P17,APAC,SP06,New Zealand,8.43
P17,P17,APAC,SP07,Australia,8.43
P17,P17,APAC,SP07,India,8.43
P17,P17,APAC,SP07,New Zealand,8.43
P17,P17,APAC,SP08,Australia,8.43
P17,P17,APAC,SP08,India,8.43
P17,P17,APAC,SP08,New Zealand,8.43
P17,P17,APAC,SP09,Australia,8.43
P17,P17,APAC,SP09,India,8.43
P17,P17,APAC,SP09,New Zealand,8.43
P17,P17,APAC,SP10,Australia,8.43
P17,P17,APAC,SP10,India,8.43
P17,P17,APAC,SP10,New Zealand,8.43
P17,P17,APAC,SP11,Australia,8.43
P17,P17,APAC,SP11,India,8.43
P17,P17,APAC,SP12,Australia,8.43
P17,P17,APAC,SP12,India,8.43
P17,P17,APAC,SP12,New Zealand,8.43
P17,P17,APAC,SP13,Australia,8.43
P17,P17,APAC,SP13,India,8.43
P17,P17,APAC,SP13,New Zealand,8.43
P17,P17,APAC,SP14,Australia,8.43
P17,P17,APAC,SP14,India,8.43
P17,P17,APAC,SP14,New Zealand,8.43
P17,P17,APAC,SP15,Australia,8.43
P17,P17,APAC,SP15,India,8.43
P17,P17,APAC,SP16,Australia,8.43
P17,P17,APAC,SP16,India,8.43
P17,P17,APAC,SP16,New Zealand,8.43
P17,P17,APAC,SP17,Australia,8.43
P17,P17,APAC,SP17,India,8.43
P17,P17,APAC,SP17,New Zealand,8.43
P17,P17,APAC,SP18,Australia,8.43
P17,P17,APAC,SP18,India,8.43
P17,P17,APAC,SP18,New Zealand,8.43
P17,P17,APAC,SP19,Australia,8.43
P17,P17,APAC,SP19,India,8.43
P17,P17,APAC,SP19,New Zealand,8.43
P17,P17,APAC,SP20,Australia,8.43
P17,P17,APAC,SP20,India,8.43
P17,P17,APAC,SP20,New Zealand,8.43
P17,P17,APAC,SP21,Australia,8.43
P17,P17,APAC,SP21,India,8.43
P17,P17,APAC,SP21,New Zealand,8.43
P17,P17,APAC,SP22,Australia,8.43
P17,P17,APAC,SP22,India,8.43
P17,P17,APAC,SP22,New Zealand,8.43
P17,P17,APAC,SP23,Australia,8.43
P17,P17,APAC,SP23,India,8.43
P17,P17,APAC,SP23,New Zealand,8.43
P17,P17,APAC,SP24,India,8.43
P17,P17,APAC,SP24,New Zealand,8.43
P17,P17,APAC,SP25,Australia,8.43
P17,P17,APAC,SP25,India,8.43
P17,P17,Europe,SP01,UK,8.43
P17,P17,Europe,SP02,UK,8.43
P17,P17,Europe,SP03,UK,8.43
P17,P17,Europe,SP04,UK,8.43
P17,P17,Europe,SP05,UK,8.43
P17,P17,Europe,SP06,UK,8.43
P17,P17,Europe,SP07,UK,8.43
P17,P17,Europe,SP08,UK,8.43
P17,P17,Europe,SP09,UK,8.43
P17,P17,Europe,SP10,UK,8.43
P17,P17,Europe,SP11,UK,8.43
P17,P17,Europe,SP12,UK,8.43
P17,P17,Europe,SP13,UK,8.43
P17,P17,Europe,SP16,UK,8.43
P17,P17,Europe,SP17,UK,8.43
P17,P17,Europe,SP18,UK,8.43
P17,P17,Europe,SP19,UK,8.43
P17,P17,Europe,SP21,UK,8.43
P17,P17,Europe,SP22,UK,8.43
P17,P17,Europe,SP23,UK,8.43
P17,P17,Europe,SP24,UK,8.43
P17,P17,Europe,SP25,UK,8.43
P10,P10,Americas,SP01,Canada,8.22
P10,P10,Americas,SP01,USA,8.22
P10,P10,Americas,SP02,Canada,8.22
P10,P10,Americas,SP02,USA,8.22
P10,P10,Americas,SP03,Canada,8.22
P10,P10,Americas,SP03,USA,8.22
P10,P10,Americas,SP04,Canada,8.22
P10,P10,Americas,SP04,USA,8.22
P10,P10,Americas,SP05,Canada,8.22
P10,P10,Americas,SP05,USA,8.22
P10,P10,Americas,SP06,Canada,8.22
P10,P10,Americas,SP06,USA,8.22
P10,P10,Americas,SP07,Canada,8.22
P10,P10,Americas,SP07,USA,8.22
P10,P10,Americas,SP08,USA,8.22
P10,P10,Americas,SP09,USA,8.22
P10,P10,Americas,SP10,Canada,8.22
P10,P10,Americas,SP10,USA,8.22
P10,P10,Americas,SP11,Canada,8.22
P10,P10,Americas,SP11,USA,8.22
P10,P10,Americas,SP12,Canada,8.22
P10,P10,Americas,SP12,USA,8.22
P10,P10,Americas,SP13,Canada,8.22
P10,P10,Americas,SP13,USA,8.22
P10,P10,Americas,SP15,Canada,8.22
P10,P10,Americas,SP15,USA,8.22
P10,P10,Americas,SP16,Canada,8.22
P10,P10,Americas,SP16,USA,8.22
P10,P10,Americas,SP17,Canada,8.22
P10,P10,Americas,SP17,USA,8.22
P10,P10,Americas,SP18,Canada,8.22
P10,P10,Americas,SP18,USA,8.22
P10,P10,Americas,SP19,USA,8.22
P10,P10,Americas,SP20,USA,8.22
P10,P10,Americas,SP21,Canada,8.22
P10,P10,Americas,SP21,USA,8.22
P10,P10,Americas,SP22,Canada,8.22
P10,P10,Americas,SP22,USA,8.22
P10,P10,Americas,SP23,Canada,8.22
P10,P10,Americas,SP23,USA,8.22
P10,P10,Americas,SP24,Canada,8.22
P10,P10,Americas,SP24,USA,8.22
P10,P10,APAC,SP01,Australia,8.22
P10,P10,APAC,SP01,India,8.22
P10,P10,APAC,SP01,New Zealand,8.22
P10,P10,APAC,SP02,Australia,8.22
P10,P10,APAC,SP02,India,8.22
P10,P10,APAC,SP02,New Zealand,8.22
P10,P10,APAC,SP03,Australia,8.22
P10,P10,APAC,SP03,India,8.22
P10,P10,APAC,SP03,New Zealand,8.22
P10,P10,APAC,SP04,Australia,8.22
P10,P10,APAC,SP04,India,8.22
P10,P10,APAC,SP04,New Zealand,8.22
P10,P10,APAC,SP05,Australia,8.22
P10,P10,APAC,SP05,India,8.22
P10,P10,APAC,SP06,Australia,8.22
P10,P10,APAC,SP06,India,8.22
P10,P10,APAC,SP06,New Zealand,8.22
P10,P10,APAC,SP07,Australia,8.22
P10,P10,APAC,SP07,India,8.22
P10,P10,APAC,SP07,New Zealand,8.22
P10,P10,APAC,SP08,Australia,8.22
P10,P10,APAC,SP08,India,8.22
P10,P10,APAC,SP08,New Zealand,8.22
P10,P10,APAC,SP09,Australia,8.22
P10,P10,APAC,SP09,India,8.22
P10,P10,APAC,SP09,New Zealand,8.22
P10,P10,APAC,SP10,Australia,8.22
P10,P10,APAC,SP10,India,8.22
P10,P10,APAC,SP10,New Zealand,8.22
P10,P10,APAC,SP11,Australia,8.22
P10,P10,APAC,SP11,India,8.22
P10,P10,APAC,SP11,New Zealand,8.22
P10,P10,APAC,SP12,Australia,8.22
P10,P10,APAC,SP12,India,8.22
P10,P10,APAC,SP12,New Zealand,8.22
P10,P10,APAC,SP13,Australia,8.22
P10,P10,APAC,SP13,India,8.22
P10,P10,APAC,SP13,New Zealand,8.22
P10,P10,APAC,SP14,India,8.22
P10,P10,APAC,SP15,Australia,8.22
P10,P10,APAC,SP15,India,8.22
P10,P10,APAC,SP15,New Zealand,8.22
P10,P10,APAC,SP16,Australia,8.22
P10,P10,APAC,SP16,India,8.22
P10,P10,APAC,SP16,New Zealand,8.22
P10,P10,APAC,SP17,Australia,8.22
P10,P10,APAC,SP17,India,8.22
P10,P10,APAC,SP17,New Zealand,8.22
P10,P10,APAC,SP18,Australia,8.22
P10,P10,APAC,SP18,India,8.22
P10,P10,APAC,SP18,New Zealand,8.22
P10,P10,APAC,SP19,Australia,8.22
P10,P10,APAC,SP19,India,8.22
P10,P10,APAC,SP19,New Zealand,8.22
P10,P10,APAC,SP20,India,8.22
P10,P10,APAC,SP20,New Zealand,8.22
P10,P10,APAC,SP21,Australia,8.22
P10,P10,APAC,SP21,India,8.22
P10,P10,APAC,SP21,New Zealand,8.22
P10,P10,APAC,SP22,Australia,8.22
P10,P10,APAC,SP22,India,8.22
P10,P10,APAC,SP22,New Zealand,8.22
P10,P10,APAC,SP23,Australia,8.22
P10,P10,APAC,SP23,India,8.22
P10,P10,APAC,SP23,New Zealand,8.22
P10,P10,APAC,SP24,India,8.22
P10,P10,APAC,SP25,Australia,8.22
P10,P10,APAC,SP25,India,8.22
P10,P10,Europe,SP01,UK,8.22
P10,P10,Europe,SP02,UK,8.22
P10,P10,Europe,SP03,UK,8.22
P10,P10,Europe,SP04,UK,8.22
P10,P10,Europe,SP05,UK,8.22
P10,P10,Europe,SP06,UK,8.22
P10,P10,Europe,SP07,UK,8.22
P10,P10,Europe,SP08,UK,8.22
P10,P10,Europe,SP09,UK,8.22
P10,P10,Europe,SP10,UK,8.22
P10,P10,Europe,SP11,UK,8.22
P10,P10,Europe,SP12,UK,8.22
P10,P10,Europe,SP13,UK,8.22
P10,P10,Europe,SP14,UK,8.22
P10,P10,Europe,SP15,UK,8.22
P10,P10,Europe,SP16,UK,8.22
P10,P10,Europe,SP17,UK,8.22
P10,P10,Europe,SP18,UK,8.22
P10,P10,Europe,SP19,UK,8.22
P10,P10,Europe,SP20,UK,8.22
P10,P10,Europe,SP21,UK,8.22
P10,P10,Europe,SP22,UK,8.22
P10,P10,Europe,SP23,UK,8.22
P10,P10,Europe,SP24,UK,8.22
P10,P10,Europe,SP25,UK,8.22
P08,P08,Americas,SP01,Canada,7.73
P08,P08,Americas,SP01,USA,7.73
P08,P08,Americas,SP02,Canada,7.73
P08,P08,Americas,SP02,USA,7.73
P08,P08,Americas,SP03,Canada,7.73
P08,P08,Americas,SP03,USA,7.73
P08,P08,Americas,SP04,Canada,7.73
P08,P08,Americas,SP04,USA,7.73
P08,P08,Americas,SP05,USA,7.73
P08,P08,Americas,SP06,Canada,7.73
P08,P08,Americas,SP06,USA,7.73
P08,P08,Americas,SP07,Canada,7.73
P08,P08,Americas,SP07,USA,7.73
P08,P08,Americas,SP08,USA,7.73
P08,P08,Americas,SP09,Canada,7.73
P08,P08,Americas,SP09,USA,7.73
P08,P08,Americas,SP10,Canada,7.73
P08,P08,Americas,SP10,USA,7.73
P08,P08,Americas,SP11,USA,7.73
P08,P08,Americas,SP12,Canada,7.73
P08,P08,Americas,SP12,USA,7.73
P08,P08,Americas,SP13,USA,7.73
P08,P08,Americas,SP14,USA,7.73
P08,P08,Americas,SP15,USA,7.73
P08,P08,Americas,SP16,Canada,7.73
P08,P08,Americas,SP16,USA,7.73
P08,P08,Americas,SP17,USA,7.73
P08,P08,Americas,SP18,USA,7.73
P08,P08,Americas,SP19,USA,7.73
P08,P08,Americas,SP20,USA,7.73
P08,P08,Americas,SP21,USA,7.73
P08,P08,Americas,SP22,Canada,7.73
P08,P08,Americas,SP22,USA,7.73
P08,P08,Americas,SP23,Canada,7.73
P08,P08,Americas,SP24,USA,7.73
P08,P08,Americas,SP25,Canada,7.73
P08,P08,APAC,SP01,Australia,7.73
P08,P08,APAC,SP01,India,7.73
P08,P08,APAC,SP01,New Zealand,7.73
P08,P08,APAC,SP02,Australia,7.73
P08,P08,APAC,SP02,India,7.73
P08,P08,APAC,SP02,New Zealand,7.73
P08,P08,APAC,SP03,Australia,7.73
P08,P08,APAC,SP03,India,7.73
P08,P08,APAC,SP03,New Zealand,7.73
P08,P08,APAC,SP04,Australia,7.73
P08,P08,APAC,SP04,India,7.73
P08,P08,APAC,SP04,New Zealand,7.73
P08,P08,APAC,SP05,Australia,7.73
P08,P08,APAC,SP05,India,7.73
P08,P08,APAC,SP05,New Zealand,7.73
P08,P08,APAC,SP06,Australia,7.73
P08,P08,APAC,SP06,India,7.73
P08,P08,APAC,SP06,New Zealand,7.73
P08,P08,APAC,SP07,Australia,7.73
P08,P08,APAC,SP07,India,7.73
P08,P08,APAC,SP07,New Zealand,7.73
P08,P08,APAC,SP08,Australia,7.73
P08,P08,APAC,SP08,India,7.73
P08,P08,APAC,SP08,New Zealand,7.73
P08,P08,APAC,SP09,Australia,7.73
P08,P08,APAC,SP09,India,7.73
P08,P08,APAC,SP09,New Zealand,7.73
P08,P08,APAC,SP10,India,7.73
P08,P08,APAC,SP10,New Zealand,7.73
P08,P08,APAC,SP11,Australia,7.73
P08,P08,APAC,SP11,India,7.73
P08,P08,APAC,SP11,New Zealand,7.73
P08,P08,APAC,SP12,Australia,7.73
P08,P08,APAC,SP12,India,7.73
P08,P08,APAC,SP12,New Zealand,7.73
P08,P08,APAC,SP13,Australia,7.73
P08,P08,APAC,SP13,India,7.73
P08,P08,APAC,SP13,New Zealand,7.73
P08,P08,APAC,SP14,Australia,7.73
P08,P08,APAC,SP14,India,7.73
P08,P08,APAC,SP14,New Zealand,7.73
P08,P08,APAC,SP15,Australia,7.73
P08,P08,APAC,SP15,India,7.73
P08,P08,APAC,SP15,New Zealand,7.73
P08,P08,APAC,SP16,Australia,7.73
P08,P08,APAC,SP16,India,7.73
P08,P08,APAC,SP16,New Zealand,7.73
P08,P08,APAC,SP17,Australia,7.73
P08,P08,APAC,SP17,India,7.73
P08,P08,APAC,SP17,New Zealand,7.73
P08,P08,APAC,SP18,Australia,7.73
P08,P08,APAC,SP18,India,7.73
P08,P08,APAC,SP18,New Zealand,7.73
P08,P08,APAC,SP19,Australia,7.73
P08,P08,APAC,SP19,India,7.73
P08,P08,APAC,SP19,New Zealand,7.73
P08,P08,APAC,SP20,Australia,7.73
P08,P08,APAC,SP20,India,7.73
P08,P08,APAC,SP21,Australia,7.73
P08,P08,APAC,SP21,India,7.73
P08,P08,APAC,SP21,New Zealand,7.73
P08,P08,APAC,SP22,Australia,7.73
P08,P08,APAC,SP22,India,7.73
P08,P08,APAC,SP22,New Zealand,7.73
P08,P08,APAC,SP23,Australia,7.73
P08,P08,APAC,SP23,India,7.73
P08,P08,APAC,SP23,New Zealand,7.73
P08,P08,APAC,SP24,India,7.73
P08,P08,APAC,SP24,New Zealand,7.73
P08,P08,APAC,SP25,New Zealand,7.73
P08,P08,Europe,SP01,UK,7.73
P08,P08,Europe,SP02,UK,7.73
P08,P08,Europe,SP03,UK,7.73
P08,P08,Europe,SP04,UK,7.73
P08,P08,Europe,SP05,UK,7.73
P08,P08,Europe,SP06,UK,7.73
P08,P08,Europe,SP07,UK,7.73
P08,P08,Europe,SP08,UK,7.73
P08,P08,Europe,SP09,UK,7.73
P08,P08,Europe,SP10,UK,7.73
P08,P08,Europe,SP11,UK,7.73
P08,P08,Europe,SP12,UK,7.73
P08,P08,Europe,SP13,UK,7.73
P08,P08,Europe,SP14,UK,7.73
P08,P08,Europe,SP15,UK,7.73
P08,P08,Europe,SP16,UK,7.73
P08,P08,Europe,SP17,UK,7.73
P08,P08,Europe,SP18,UK,7.73
P08,P08,Europe,SP20,UK,7.73
P08,P08,Europe,SP21,UK,7.73
P08,P08,Europe,SP22,UK,7.73
P08,P08,Europe,SP23,UK,7.73
P08,P08,Europe,SP24,UK,7.73
P08,P08,Europe,SP25,UK,7.73
P02,P02,Americas,SP01,USA,7.48
P02,P02,Americas,SP02,USA,7.48
P02,P02,Americas,SP03,USA,7.48
P02,P02,Americas,SP04,USA,7.48
P02,P02,Americas,SP06,USA,7.48
P02,P02,Americas,SP07,USA,7.48
P02,P02,Americas,SP08,USA,7.48
P02,P02,Americas,SP09,USA,7.48
P02,P02,Americas,SP11,Canada,7.48
P02,P02,Americas,SP13,USA,7.48
P02,P02,Americas,SP16,Canada,7.48
P02,P02,Americas,SP17,Canada,7.48
P02,P02,Americas,SP18,Canada,7.48
P02,P02,Americas,SP18,USA,7.48
P02,P02,Americas,SP19,USA,7.48
P02,P02,Americas,SP22,Canada,7.48
P02,P02,APAC,SP01,Australia,7.48
P02,P02,APAC,SP01,India,7.48
P02,P02,APAC,SP01,New Zealand,7.48
P02,P02,APAC,SP02,New Zealand,7.48
P02,P02,APAC,SP03,Australia,7.48
P02,P02,APAC,SP03,India,7.48
P02,P02,APAC,SP03,New Zealand,7.48
P02,P02,APAC,SP04,Australia,7.48
P02,P02,APAC,SP06,India,7.48
P02,P02,APAC,SP06,New Zealand,7.48
P02,P02,APAC,SP07,Australia,7.48
P02,P02,APAC,SP07,India,7.48
P02,P02,APAC,SP08,Australia,7.48
P02,P02,APAC,SP08,India,7.48
P02,P02,APAC,SP08,New Zealand,7.48
P02,P02,APAC,SP10,Australia,7.48
P02,P02,APAC,SP10,India,7.48
P02,P02,APAC,SP11,India,7.48
P02,P02,APAC,SP12,India,7.48
P02,P02,APAC,SP13,Australia,7.48
P02,P02,APAC,SP13,India,7.48
P02,P02,APAC,SP15,Australia,7.48
P02,P02,APAC,SP15,India,7.48
P02,P02,APAC,SP16,Australia,7.48
P02,P02,APAC,SP17,India,7.48
P02,P02,APAC,SP18,India,7.48
P02,P02,APAC,SP18,New Zealand,7.48
P02,P02,APAC,SP20,Australia,7.48
P02,P02,APAC,SP20,India,7.48
P02,P02,APAC,SP21,Australia,7.48
P02,P02,APAC,SP21,New Zealand,7.48
P02,P02,APAC,SP22,Australia,7.48
P02,P02,APAC,SP22,New Zealand,7.48
P02,P02,APAC,SP23,Australia,7.48
P02,P02,APAC,SP23,India,7.48
P02,P02,APAC,SP23,New Zealand,7.48
P02,P02,APAC,SP25,India,7.48
P02,P02,Europe,SP01,UK,7.48
P02,P02,Europe,SP07,UK,7.48
P02,P02,Europe,SP08,UK,7.48
P02,P02,Europe,SP11,UK,7.48
P02,P02,Europe,SP13,UK,7.48
P02,P02,Europe,SP16,UK,7.48
P02,P02,Europe,SP17,UK,7.48
P02,P02,Europe,SP18,UK,7.48
P02,P02,Europe,SP22,UK,7.48
P02,P02,Europe,SP24,UK,7.48
P02,P02,Europe,SP25,UK,7.48
P18,P18,Americas,SP01,Canada,6.8
P18,P18,Americas,SP01,USA,6.8
P18,P18,Americas,SP02,Canada,6.8
P18,P18,Americas,SP02,USA,6.8
P18,P18,Americas,SP03,Canada,6.8
P18,P18,Americas,SP03,USA,6.8
P18,P18,Americas,SP04,USA,6.8
P18,P18,Americas,SP05,USA,6.8
P18,P18,Americas,SP06,Canada,6.8
P18,P18,Americas,SP06,USA,6.8
P18,P18,Americas,SP07,Canada,6.8
P18,P18,Americas,SP07,USA,6.8
P18,P18,Americas,SP08,Canada,6.8
P18,P18,Americas,SP08,USA,6.8
P18,P18,Americas,SP09,USA,6.8
P18,P18,Americas,SP10,Canada,6.8
P18,P18,Americas,SP10,USA,6.8
P18,P18,Americas,SP11,USA,6.8
P18,P18,Americas,SP13,Canada,6.8
P18,P18,Americas,SP13,USA,6.8
P18,P18,Americas,SP14,USA,6.8
P18,P18,Americas,SP15,USA,6.8
P18,P18,Americas,SP16,Canada,6.8
P18,P18,Americas,SP16,USA,6.8
P18,P18,Americas,SP17,Canada,6.8
P18,P18,Americas,SP18,USA,6.8
P18,P18,Americas,SP19,USA,6.8
P18,P18,Americas,SP20,USA,6.8
P18,P18,Americas,SP21,Canada,6.8
P18,P18,Americas,SP21,USA,6.8
P18,P18,Americas,SP22,Canada,6.8
P18,P18,Americas,SP22,USA,6.8
P18,P18,Americas,SP23,USA,6.8
P18,P18,Americas,SP24,USA,6.8
P18,P18,Americas,SP25,Canada,6.8
P18,P18,Americas,SP25,USA,6.8
P18,P18,APAC,SP01,Australia,6.8
P18,P18,APAC,SP01,India,6.8
P18,P18,APAC,SP01,New Zealand,6.8
P18,P18,APAC,SP02,Australia,6.8
P18,P18,APAC,SP02,India,6.8
P18,P18,APAC,SP02,New Zealand,6.8
P18,P18,APAC,SP03,Australia,6.8
P18,P18,APAC,SP03,India,6.8
P18,P18,APAC,SP03,New Zealand,6.8
P18,P18,APAC,SP04,Australia,6.8
P18,P18,APAC,SP04,India,6.8
P18,P18,APAC,SP05,Australia,6.8
P18,P18,APAC,SP05,India,6.8
P18,P18,APAC,SP05,New Zealand,6.8
P18,P18,APAC,SP06,Australia,6.8
P18,P18,APAC,SP06,India,6.8
P18,P18,APAC,SP06,New Zealand,6.8
P18,P18,APAC,SP07,Australia,6.8
P18,P18,APAC,SP07,India,6.8
P18,P18,APAC,SP07,New Zealand,6.8
P18,P18,APAC,SP08,Australia,6.8
P18,P18,APAC,SP08,India,6.8
P18,P18,APAC,SP08,New Zealand,6.8
P18,P18,APAC,SP09,Australia,6.8
P18,P18,APAC,SP09,India,6.8
P18,P18,APAC,SP09,New Zealand,6.8
P18,P18,APAC,SP10,Australia,6.8
P18,P18,APAC,SP10,India,6.8
P18,P18,APAC,SP11,Australia,6.8
P18,P18,APAC,SP11,India,6.8
P18,P18,APAC,SP11,New Zealand,6.8
P18,P18,APAC,SP12,Australia,6.8
P18,P18,APAC,SP12,New Zealand,6.8
P18,P18,APAC,SP13,Australia,6.8
P18,P18,APAC,SP13,India,6.8
P18,P18,APAC,SP13,New Zealand,6.8
P18,P18,APAC,SP14,India,6.8
P18,P18,APAC,SP15,Australia,6.8
P18,P18,APAC,SP15,India,6.8
P18,P18,APAC,SP16,Australia,6.8
P18,P18,APAC,SP16,India,6.8
P18,P18,APAC,SP16,New Zealand,6.8
P18,P18,APAC,SP17,Australia,6.8
P18,P18,APAC,SP17,India,6.8
P18,P18,APAC,SP17,New Zealand,6.8
P18,P18,APAC,SP18,Australia,6.8
P18,P18,APAC,SP18,India,6.8
P18,P18,APAC,SP18,New Zealand,6.8
P18,P18,APAC,SP19,Australia,6.8
P18,P18,APAC,SP19,India,6.8
P18,P18,APAC,SP19,New Zealand,6.8
P18,P18,APAC,SP20,Australia,6.8
P18,P18,APAC,SP20,India,6.8
P18,P18,APAC,SP21,Australia,6.8
P18,P18,APAC,SP21,India,6.8
P18,P18,APAC,SP21,New Zealand,6.8
P18,P18,APAC,SP22,Australia,6.8
P18,P18,APAC,SP22,India,6.8
P18,P18,APAC,SP22,New Zealand,6.8
P18,P18,APAC,SP23,Australia,6.8
P18,P18,APAC,SP23,India,6.8
P18,P18,APAC,SP23,New Zealand,6.8
P18,P18,APAC,SP24,Australia,6.8
P18,P18,APAC,SP24,India,6.8
P18,P18,APAC,SP24,New Zealand,6.8
P18,P18,APAC,SP25,Australia,6.8
P18,P18,APAC,SP25,India,6.8
P18,P18,Europe,SP01,UK,6.8
P18,P18,Europe,SP02,UK,6.8
P18,P18,Europe,SP03,UK,6.8
P18,P18,Europe,SP04,UK,6.8
P18,P18,Europe,SP05,UK,6.8
P18,P18,Europe,SP06,UK,6.8
P18,P18,Europe,SP07,UK,6.8
P18,P18,Europe,SP08,UK,6.8
P18,P18,Europe,SP09,UK,6.8
P18,P18,Europe,SP10,UK,6.8
P18,P18,Europe,SP11,UK,6.8
P18,P18,Europe,SP12,UK,6.8
P18,P18,Europe,SP13,UK,6.8
P18,P18,Europe,SP14,UK,6.8
P18,P18,Europe,SP15,UK,6.8
P18,P18,Europe,SP16,UK,6.8
P18,P18,Europe,SP17,UK,6.8
P18,P18,Europe,SP18,UK,6.8
P18,P18,Europe,SP19,UK,6.8
P18,P18,Europe,SP20,UK,6.8
P18,P18,Europe,SP21,UK,6.8
P18,P18,Europe,SP22,UK,6.8
P18,P18,Europe,SP23,UK,6.8
P18,P18,Europe,SP24,UK,6.8
P18,P18,Europe,SP25,UK,6.8
P14,P14,Americas,SP01,USA,6.43
P14,P14,Americas,SP02,Canada,6.43
P14,P14,Americas,SP02,USA,6.43
P14,P14,Americas,SP03,Canada,6.43
P14,P14,Americas,SP03,USA,6.43
P14,P14,Americas,SP04,Canada,6.43
P14,P14,Americas,SP04,USA,6.43
P14,P14,Americas,SP05,USA,6.43
P14,P14,Americas,SP06,USA,6.43
P14,P14,Americas,SP07,Canada,6.43
P14,P14,Americas,SP07,USA,6.43
P14,P14,Americas,SP08,USA,6.43
P14,P14,Americas,SP09,Canada,6.43
P14,P14,Americas,SP09,USA,6.43
P14,P14,Americas,SP10,Canada,6.43
P14,P14,Americas,SP10,USA,6.43
P14,P14,Americas,SP11,Canada,6.43
P14,P14,Americas,SP11,USA,6.43
P14,P14,Americas,SP12,USA,6.43
P14,P14,Americas,SP13,USA,6.43
P14,P14,Americas,SP16,Canada,6.43
P14,P14,Americas,SP16,USA,6.43
P14,P14,Americas,SP17,Canada,6.43
P14,P14,Americas,SP17,USA,6.43
P14,P14,Americas,SP18,Canada,6.43
P14,P14,Americas,SP18,USA,6.43
P14,P14,Americas,SP19,Canada,6.43
P14,P14,Americas,SP19,USA,6.43
P14,P14,Americas,SP20,Canada,6.43
P14,P14,Americas,SP20,USA,6.43
P14,P14,Americas,SP21,USA,6.43
P14,P14,Americas,SP22,Canada,6.43
P14,P14,Americas,SP22,USA,6.43
P14,P14,Americas,SP23,USA,6.43
P14,P14,Americas,SP25,USA,6.43
P14,P14,APAC,SP01,Australia,6.43
P14,P14,APAC,SP01,India,6.43
P14,P14,APAC,SP01,New Zealand,6.43
P14,P14,APAC,SP02,Australia,6.43
P14,P14,APAC,SP02,India,6.43
P14,P14,APAC,SP02,New Zealand,6.43
P14,P14,APAC,SP03,Australia,6.43
P14,P14,APAC,SP03,India,6.43
P14,P14,APAC,SP03,New Zealand,6.43
P14,P14,APAC,SP04,Australia,6.43
P14,P14,APAC,SP04,India,6.43
P14,P14,APAC,SP04,New Zealand,6.43
P14,P14,APAC,SP05,Australia,6.43
P14,P14,APAC,SP05,India,6.43
P14,P14,APAC,SP05,New Zealand,6.43
P14,P14,APAC,SP06,Australia,6.43
P14,P14,APAC,SP06,India,6.43
P14,P14,APAC,SP06,New Zealand,6.43
P14,P14,APAC,SP07,Australia,6.43
P14,P14,APAC,SP07,India,6.43
P14,P14,APAC,SP07,New Zealand,6.43
P14,P14,APAC,SP08,Australia,6.43
P14,P14,APAC,SP08,India,6.43
P14,P14,APAC,SP08,New Zealand,6.43
P14,P14,APAC,SP09,Australia,6.43
P14,P14,APAC,SP09,India,6.43
P14,P14,APAC,SP10,Australia,6.43
P14,P14,APAC,SP10,India,6.43
P14,P14,APAC,SP10,New Zealand,6.43
P14,P14,APAC,SP11,India,6.43
P14,P14,APAC,SP11,New Zealand,6.43
P14,P14,APAC,SP12,New Zealand,6.43
P14,P14,APAC,SP13,India,6.43
P14,P14,APAC,SP13,New Zealand,6.43
P14,P14,APAC,SP14,Australia,6.43
P14,P14,APAC,SP14,New Zealand,6.43
P14,P14,APAC,SP15,India,6.43
P14,P14,APAC,SP16,Australia,6.43
P14,P14,APAC,SP16,India,6.43
P14,P14,APAC,SP16,New Zealand,6.43
P14,P14,APAC,SP17,Australia,6.43
P14,P14,APAC,SP17,India,6.43
P14,P14,APAC,SP17,New Zealand,6.43
P14,P14,APAC,SP18,Australia,6.43
P14,P14,APAC,SP18,India,6.43
P14,P14,APAC,SP18,New Zealand,6.43
P14,P14,APAC,SP19,Australia,6.43
P14,P14,APAC,SP19,India,6.43
P14,P14,APAC,SP19,New Zealand,6.43
P14,P14,APAC,SP20,India,6.43
P14,P14,APAC,SP21,Australia,6.43
P14,P14,APAC,SP21,India,6.43
P14,P14,APAC,SP21,New Zealand,6.43
P14,P14,APAC,SP22,New Zealand,6.43
P14,P14,APAC,SP23,India,6.43
P14,P14,APAC,SP24,Australia,6.43
P14,P14,APAC,SP24,India,6.43
P14,P14,Europe,SP01,UK,6.43
P14,P14,Europe,SP02,UK,6.43
P14,P14,Europe,SP03,UK,6.43
P14,P14,Europe,SP04,UK,6.43
P14,P14,Europe,SP06,UK,6.43
P14,P14,Europe,SP07,UK,6.43
P14,P14,Europe,SP08,UK,6.43
P14,P14,Europe,SP09,UK,6.43
P14,P14,Europe,SP10,UK,6.43
P14,P14,Europe,SP11,UK,6.43
P14,P14,Europe,SP12,UK,6.43
P14,P14,Europe,SP13,UK,6.43
P14,P14,Europe,SP14,UK,6.43
P14,P14,Europe,SP15,UK,6.43
P14,P14,Europe,SP16,UK,6.43
P14,P14,Europe,SP17,UK,6.43
P14,P14,Europe,SP18,UK,6.43
P14,P14,Europe,SP19,UK,6.43
P14,P14,Europe,SP20,UK,6.43
P14,P14,Europe,SP21,UK,6.43
P14,P14,Europe,SP22,UK,6.43
P14,P14,Europe,SP23,UK,6.43
P14,P14,Europe,SP24,UK,6.43
P14,P14,Europe,SP25,UK,6.43
P06,P06,Americas,SP01,USA,6.31
P06,P06,Americas,SP02,Canada,6.31
P06,P06,Americas,SP02,USA,6.31
P06,P06,Americas,SP03,Canada,6.31
P06,P06,Americas,SP04,USA,6.31
P06,P06,Americas,SP05,USA,6.31
P06,P06,Americas,SP06,Canada,6.31
P06,P06,Americas,SP06,USA,6.31
P06,P06,Americas,SP07,USA,6.31
P06,P06,Americas,SP08,Canada,6.31
P06,P06,Americas,SP08,USA,6.31
P06,P06,Americas,SP09,Canada,6.31
P06,P06,Americas,SP09,USA,6.31
P06,P06,Americas,SP10,USA,6.31
P06,P06,Americas,SP11,Canada,6.31
P06,P06,Americas,SP12,USA,6.31
P06,P06,Americas,SP13,USA,6.31
P06,P06,Americas,SP15,USA,6.31
P06,P06,Americas,SP16,Canada,6.31
P06,P06,Americas,SP16,USA,6.31
P06,P06,Americas,SP17,USA,6.31
P06,P06,Americas,SP18,Canada,6.31
P06,P06,Americas,SP18,USA,6.31
P06,P06,Americas,SP21,USA,6.31
P06,P06,Americas,SP22,USA,6.31
P06,P06,Americas,SP25,USA,6.31
P06,P06,APAC,SP01,Australia,6.31
P06,P06,APAC,SP01,India,6.31
P06,P06,APAC,SP01,New Zealand,6.31
P06,P06,APAC,SP02,Australia,6.31
P06,P06,APAC,SP02,India,6.31
P06,P06,APAC,SP03,Australia,6.31
P06,P06,APAC,SP03,India,6.31
P06,P06,APAC,SP04,Australia,6.31
P06,P06,APAC,SP04,India,6.31
P06,P06,APAC,SP04,New Zealand,6.31
P06,P06,APAC,SP05,Australia,6.31
P06,P06,APAC,SP05,India,6.31
P06,P06,APAC,SP06,Australia,6.31
P06,P06,APAC,SP06,India,6.31
P06,P06,APAC,SP06,New Zealand,6.31
P06,P06,APAC,SP07,India,6.31
P06,P06,APAC,SP07,New Zealand,6.31
P06,P06,APAC,SP08,Australia,6.31
P06,P06,APAC,SP08,India,6.31
P06,P06,APAC,SP09,Australia,6.31
P06,P06,APAC,SP09,India,6.31
P06,P06,APAC,SP10,Australia,6.31
P06,P06,APAC,SP10,India,6.31
P06,P06,APAC,SP10,New Zealand,6.31
P06,P06,APAC,SP11,Australia,6.31
P06,P06,APAC,SP11,India,6.31
P06,P06,APAC,SP12,India,6.31
P06,P06,APAC,SP13,India,6.31
P06,P06,APAC,SP14,Australia,6.31
P06,P06,APAC,SP14,New Zealand,6.31
P06,P06,APAC,SP15,New Zealand,6.31
P06,P06,APAC,SP16,Australia,6.31
P06,P06,APAC,SP16,India,6.31
P06,P06,APAC,SP17,Australia,6.31
P06,P06,APAC,SP17,India,6.31
P06,P06,APAC,SP17,New Zealand,6.31
P06,P06,APAC,SP18,Australia,6.31
P06,P06,APAC,SP18,India,6.31
P06,P06,APAC,SP18,New Zealand,6.31
P06,P06,APAC,SP19,Australia,6.31
P06,P06,APAC,SP19,New Zealand,6.31
P06,P06,APAC,SP21,Australia,6.31
P06,P06,APAC,SP21,India,6.31
P06,P06,APAC,SP22,Australia,6.31
P06,P06,APAC,SP22,India,6.31
P06,P06,APAC,SP23,New Zealand,6.31
P06,P06,APAC,SP24,India,6.31
P06,P06,Europe,SP01,UK,6.31
P06,P06,Europe,SP02,UK,6.31
P06,P06,Europe,SP03,UK,6.31
P06,P06,Europe,SP04,UK,6.31
P06,P06,Europe,SP05,UK,6.31
P06,P06,Europe,SP06,UK,6.31
P06,P06,Europe,SP07,UK,6.31
P06,P06,Europe,SP08,UK,6.31
P06,P06,Europe,SP09,UK,6.31
P06,P06,Europe,SP10,UK,6.31
P06,P06,Europe,SP11,UK,6.31
P06,P06,Europe,SP13,UK,6.31
P06,P06,Europe,SP14,UK,6.31
P06,P06,Europe,SP16,UK,6.31
P06,P06,Europe,SP17,UK,6.31
P06,P06,Europe,SP18,UK,6.31
P06,P06,Europe,SP22,UK,6.31
P06,P06,Europe,SP23,UK,6.31
P06,P06,Europe,SP24,UK,6.31
P05,P05,Americas,SP01,Canada,5.72
P05,P05,Americas,SP01,USA,5.72
P05,P05,Americas,SP02,Canada,5.72
P05,P05,Americas,SP02,USA,5.72
P05,P05,Americas,SP03,USA,5.72
P05,P05,Americas,SP04,Canada,5.72
P05,P05,Americas,SP04,USA,5.72
P05,P05,Americas,SP05,USA,5.72
P05,P05,Americas,SP06,USA,5.72
P05,P05,Americas,SP07,Canada,5.72
P05,P05,Americas,SP07,USA,5.72
P05,P05,Americas,SP08,Canada,5.72
P05,P05,Americas,SP08,USA,5.72
P05,P05,Americas,SP09,Canada,5.72
P05,P05,Americas,SP09,USA,5.72
P05,P05,Americas,SP10,USA,5.72
P05,P05,Americas,SP11,Canada,5.72
P05,P05,Americas,SP11,USA,5.72
P05,P05,Americas,SP12,Canada,5.72
P05,P05,Americas,SP13,Canada,5.72
P05,P05,Americas,SP13,USA,5.72
P05,P05,Americas,SP14,USA,5.72
P05,P05,Americas,SP15,Canada,5.72
P05,P05,Americas,SP15,USA,5.72
P05,P05,Americas,SP16,USA,5.72
P05,P05,Americas,SP17,Canada,5.72
P05,P05,Americas,SP17,USA,5.72
P05,P05,Americas,SP18,Canada,5.72
P05,P05,Americas,SP18,USA,5.72
P05,P05,Americas,SP19,Canada,5.72
P05,P05,Americas,SP20,Canada,5.72
P05,P05,Americas,SP21,Canada,5.72
P05,P05,Americas,SP21,USA,5.72
P05,P05,Americas,SP22,USA,5.72
P05,P05,Americas,SP23,Canada,5.72
P05,P05,Americas,SP23,USA,5.72
P05,P05,Americas,SP24,USA,5.72
P05,P05,Americas,SP25,USA,5.72
P05,P05,APAC,SP01,Australia,5.72
P05,P05,APAC,SP01,India,5.72
P05,P05,APAC,SP01,New Zealand,5.72
P05,P05,APAC,SP02,Australia,5.72
P05,P05,APAC,SP02,India,5.72
P05,P05,APAC,SP02,New Zealand,5.72
P05,P05,APAC,SP03,Australia,5.72
P05,P05,APAC,SP03,India,5.72
P05,P05,APAC,SP03,New Zealand,5.72
P05,P05,APAC,SP04,Australia,5.72
P05,P05,APAC,SP04,India,5.72
P05,P05,APAC,SP04,New Zealand,5.72
P05,P05,APAC,SP05,Australia,5.72
P05,P05,APAC,SP05,India,5.72
P05,P05,APAC,SP06,Australia,5.72
P05,P05,APAC,SP06,India,5.72
P05,P05,APAC,SP06,New Zealand,5.72
P05,P05,APAC,SP07,Australia,5.72
P05,P05,APAC,SP07,India,5.72
P05,P05,APAC,SP07,New Zealand,5.72
P05,P05,APAC,SP08,Australia,5.72
P05,P05,APAC,SP08,India,5.72
P05,P05,APAC,SP08,New Zealand,5.72
P05,P05,APAC,SP09,Australia,5.72
P05,P05,APAC,SP09,India,5.72
P05,P05,APAC,SP09,New Zealand,5.72
P05,P05,APAC,SP10,Australia,5.72
P05,P05,APAC,SP10,India,5.72
P05,P05,APAC,SP10,New Zealand,5.72
P05,P05,APAC,SP11,Australia,5.72
P05,P05,APAC,SP11,India,5.72
P05,P05,APAC,SP11,New Zealand,5.72
P05,P05,APAC,SP12,Australia,5.72
P05,P05,APAC,SP12,India,5.72
P05,P05,APAC,SP12,New Zealand,5.72
P05,P05,APAC,SP13,Australia,5.72
P05,P05,APAC,SP13,India,5.72
P05,P05,APAC,SP13,New Zealand,5.72
P05,P05,APAC,SP14,India,5.72
P05,P05,APAC,SP14,New Zealand,5.72
P05,P05,APAC,SP15,Australia,5.72
P05,P05,APAC,SP15,India,5.72
P05,P05,APAC,SP15,New Zealand,5.72
P05,P05,APAC,SP16,Australia,5.72
P05,P05,APAC,SP16,India,5.72
P05,P05,APAC,SP16,New Zealand,5.72
P05,P05,APAC,SP17,Australia,5.72
P05,P05,APAC,SP17,India,5.72
P05,P05,APAC,SP17,New Zealand,5.72
P05,P05,APAC,SP18,Australia,5.72
P05,P05,APAC,SP18,India,5.72
P05,P05,APAC,SP18,New Zealand,5.72
P05,P05,APAC,SP19,Australia,5.72
P05,P05,APAC,SP19,India,5.72
P05,P05,APAC,SP19,New Zealand,5.72
P05,P05,APAC,SP20,India,5.72
P05,P05,APAC,SP21,Australia,5.72
P05,P05,APAC,SP21,India,5.72
P05,P05,APAC,SP21,New Zealand,5.72
P05,P05,APAC,SP22,Australia,5.72
P05,P05,APAC,SP22,India,5.72
P05,P05,APAC,SP22,New Zealand,5.72
P05,P05,APAC,SP23,Australia,5.72
P05,P05,APAC,SP23,India,5.72
P05,P05,APAC,SP24,Australia,5.72
P05,P05,APAC,SP24,India,5.72
P05,P05,APAC,SP25,Australia,5.72
P05,P05,APAC,SP25,India,5.72
P05,P05,APAC,SP25,New Zealand,5.72
P05,P05,Europe,SP01,UK,5.72
P05,P05,Europe,SP02,UK,5.72
P05,P05,Europe,SP03,UK,5.72
P05,P05,Europe,SP04,UK,5.72
P05,P05,Europe,SP05,UK,5.72
P05,P05,Europe,SP06,UK,5.72
P05,P05,Europe,SP07,UK,5.72
P05,P05,Europe,SP08,UK,5.72
P05,P05,Europe,SP09,UK,5.72
P05,P05,Europe,SP10,UK,5.72
P05,P05,Europe,SP11,UK,5.72
P05,P05,Europe,SP12,UK,5.72
P05,P05,Europe,SP13,UK,5.72
P05,P05,Europe,SP14,UK,5.72
P05,P05,Europe,SP15,UK,5.72
P05,P05,Europe,SP16,UK,5.72
P05,P05,Europe,SP17,UK,5.72
P05,P05,Europe,SP18,UK,5.72
P05,P05,Europe,SP19,UK,5.72
P05,P05,Europe,SP20,UK,5.72
P05,P05,Europe,SP21,UK,5.72
P05,P05,Europe,SP22,UK,5.72
P05,P05,Europe,SP23,UK,5.72
P05,P05,Europe,SP24,UK,5.72
P05,P05,Europe,SP25,UK,5.72
P01,P01,Americas,SP01,Canada,5.26
P01,P01,Americas,SP01,USA,5.26
P01,P01,Americas,SP02,Canada,5.26
P01,P01,Americas,SP02,USA,5.26
P01,P01,Americas,SP03,USA,5.26
P01,P01,Americas,SP04,Canada,5.26
P01,P01,Americas,SP05,USA,5.26
P01,P01,Americas,SP06,Canada,5.26
P01,P01,Americas,SP06,USA,5.26
P01,P01,Americas,SP07,Canada,5.26
P01,P01,Americas,SP07,USA,5.26
P01,P01,Americas,SP08,Canada,5.26
P01,P01,Americas,SP08,USA,5.26
P01,P01,Americas,SP09,Canada,5.26
P01,P01,Americas,SP09,USA,5.26
P01,P01,Americas,SP10,USA,5.26
P01,P01,Americas,SP11,Canada,5.26
P01,P01,Americas,SP11,USA,5.26
P01,P01,Americas,SP12,USA,5.26
P01,P01,Americas,SP13,Canada,5.26
P01,P01,Americas,SP13,USA,5.26
P01,P01,Americas,SP14,Canada,5.26
P01,P01,Americas,SP14,USA,5.26
P01,P01,Americas,SP16,Canada,5.26
P01,P01,Americas,SP16,USA,5.26
P01,P01,Americas,SP17,USA,5.26
P01,P01,Americas,SP18,USA,5.26
P01,P01,Americas,SP19,Canada,5.26
P01,P01,Americas,SP19,USA,5.26
P01,P01,Americas,SP20,USA,5.26
P01,P01,Americas,SP21,Canada,5.26
P01,P01,Americas,SP21,USA,5.26
P01,P01,Americas,SP22,USA,5.26
P01,P01,Americas,SP23,Canada,5.26
P01,P01,Americas,SP23,USA,5.26
P01,P01,Americas,SP24,USA,5.26
P01,P01,Americas,SP25,Canada,5.26
P01,P01,APAC,SP01,Australia,5.26
P01,P01,APAC,SP01,India,5.26
P01,P01,APAC,SP01,New Zealand,5.26
P01,P01,APAC,SP02,Australia,5.26
P01,P01,APAC,SP02,India,5.26
P01,P01,APAC,SP02,New Zealand,5.26
P01,P01,APAC,SP03,Australia,5.26
P01,P01,APAC,SP03,India,5.26
P01,P01,APAC,SP03,New Zealand,5.26
P01,P01,APAC,SP04,India,5.26
P01,P01,APAC,SP04,New Zealand,5.26
P01,P01,APAC,SP05,Australia,5.26
P01,P01,APAC,SP05,New Zealand,5.26
P01,P01,APAC,SP06,Australia,5.26
P01,P01,APAC,SP06,India,5.26
P01,P01,APAC,SP07,Australia,5.26
P01,P01,APAC,SP07,India,5.26
P01,P01,APAC,SP07,New Zealand,5.26
P01,P01,APAC,SP08,Australia,5.26
P01,P01,APAC,SP08,India,5.26
P01,P01,APAC,SP08,New Zealand,5.26
P01,P01,APAC,SP09,Australia,5.26
P01,P01,APAC,SP09,India,5.26
P01,P01,APAC,SP09,New Zealand,5.26
P01,P01,APAC,SP10,Australia,5.26
P01,P01,APAC,SP10,India,5.26
P01,P01,APAC,SP10,New Zealand,5.26
P01,P01,APAC,SP11,India,5.26
P01,P01,APAC,SP12,Australia,5.26
P01,P01,APAC,SP12,India,5.26
P01,P01,APAC,SP12,New Zealand,5.26
P01,P01,APAC,SP13,Australia,5.26
P01,P01,APAC,SP13,India,5.26
P01,P01,APAC,SP13,New Zealand,5.26
P01,P01,APAC,SP14,Australia,5.26
P01,P01,APAC,SP14,India,5.26
P01,P01,APAC,SP15,Australia,5.26
P01,P01,APAC,SP15,India,5.26
P01,P01,APAC,SP15,New Zealand,5.26
P01,P01,APAC,SP16,Australia,5.26
P01,P01,APAC,SP16,India,5.26
P01,P01,APAC,SP16,New Zealand,5.26
P01,P01,APAC,SP17,Australia,5.26
P01,P01,APAC,SP17,India,5.26
P01,P01,APAC,SP17,New Zealand,5.26
P01,P01,APAC,SP18,Australia,5.26
P01,P01,APAC,SP18,India,5.26
P01,P01,APAC,SP18,New Zealand,5.26
P01,P01,APAC,SP19,India,5.26
P01,P01,APAC,SP19,New Zealand,5.26
P01,P01,APAC,SP20,India,5.26
P01,P01,APAC,SP21,India,5.26
P01,P01,APAC,SP21,New Zealand,5.26
P01,P01,APAC,SP22,Australia,5.26
P01,P01,APAC,SP22,India,5.26
P01,P01,APAC,SP22,New Zealand,5.26
P01,P01,APAC,SP23,Australia,5.26
P01,P01,APAC,SP23,India,5.26
P01,P01,APAC,SP23,New Zealand,5.26
P01,P01,APAC,SP24,Australia,5.26
P01,P01,APAC,SP24,India,5.26
P01,P01,APAC,SP24,New Zealand,5.26
P01,P01,APAC,SP25,Australia,5.26
P01,P01,APAC,SP25,India,5.26
P01,P01,APAC,SP25,New Zealand,5.26
P01,P01,Europe,SP01,UK,5.26
P01,P01,Europe,SP02,UK,5.26
P01,P01,Europe,SP03,UK,5.26
P01,P01,Europe,SP04,UK,5.26
P01,P01,Europe,SP05,UK,5.26
P01,P01,Europe,SP06,UK,5.26
P01,P01,Europe,SP07,UK,5.26
P01,P01,Europe,SP08,UK,5.26
P01,P01,Europe,SP09,UK,5.26
P01,P01,Europe,SP10,UK,5.26
P01,P01,Europe,SP12,UK,5.26
P01,P01,Europe,SP13,UK,5.26
P01,P01,Europe,SP14,UK,5.26
P01,P01,Europe,SP15,UK,5.26
P01,P01,Europe,SP16,UK,5.26
P01,P01,Europe,SP17,UK,5.26
P01,P01,Europe,SP18,UK,5.26
P01,P01,Europe,SP19,UK,5.26
P01,P01,Europe,SP20,UK,5.26
P01,P01,Europe,SP21,UK,5.26
P01,P01,Europe,SP22,UK,5.26
P01,P01,Europe,SP23,UK,5.26
P01,P01,Europe,SP24,UK,5.26
P01,P01,Europe,SP25,UK,5.26
P03,P03,Americas,SP01,USA,5.15
P03,P03,Americas,SP02,USA,5.15
P03,P03,Americas,SP03,USA,5.15
P03,P03,Americas,SP05,USA,5.15
P03,P03,Americas,SP07,USA,5.15
P03,P03,Americas,SP08,USA,5.15
P03,P03,Americas,SP18,USA,5.15
P03,P03,Americas,SP19,USA,5.15
P03,P03,Americas,SP20,USA,5.15
P03,P03,Americas,SP21,Canada,5.15
P03,P03,Americas,SP23,USA,5.15
P03,P03,Americas,SP24,USA,5.15
P03,P03,Americas,SP25,USA,5.15
P03,P03,APAC,SP01,Australia,5.15
P03,P03,APAC,SP01,India,5.15
P03,P03,APAC,SP01,New Zealand,5.15
P03,P03,APAC,SP02,New Zealand,5.15
P03,P03,APAC,SP03,Australia,5.15
P03,P03,APAC,SP03,India,5.15
P03,P03,APAC,SP05,India,5.15
P03,P03,APAC,SP06,Australia,5.15
P03,P03,APAC,SP07,Australia,5.15
P03,P03,APAC,SP07,India,5.15
P03,P03,APAC,SP07,New Zealand,5.15
P03,P03,APAC,SP08,Australia,5.15
P03,P03,APAC,SP08,India,5.15
P03,P03,APAC,SP09,Australia,5.15
P03,P03,APAC,SP10,Australia,5.15
P03,P03,APAC,SP10,India,5.15
P03,P03,APAC,SP12,Australia,5.15
P03,P03,APAC,SP13,Australia,5.15
P03,P03,APAC,SP13,India,5.15
P03,P03,APAC,SP14,India,5.15
P03,P03,APAC,SP15,Australia,5.15
P03,P03,APAC,SP16,New Zealand,5.15
P03,P03,APAC,SP17,New Zealand,5.15
P03,P03,APAC,SP18,India,5.15
P03,P03,APAC,SP20,New Zealand,5.15
P03,P03,APAC,SP21,India,5.15
P03,P03,APAC,SP22,Australia,5.15
P03,P03,APAC,SP22,New Zealand,5.15
P03,P03,APAC,SP25,Australia,5.15
P03,P03,APAC,SP25,India,5.15
P03,P03,Europe,SP01,UK,5.15
P03,P03,Europe,SP02,UK,5.15
P03,P03,Europe,SP03,UK,5.15
P03,P03,Europe,SP04,UK,5.15
P03,P03,Europe,SP05,UK,5.15
P03,P03,Europe,SP06,UK,5.15
P03,P03,Europe,SP07,UK,5.15
P03,P03,Europe,SP08,UK,5.15
P03,P03,Europe,SP13,UK,5.15
P03,P03,Europe,SP14,UK,5.15
P03,P03,Europe,SP15,UK,5.15
P03,P03,Europe,SP16,UK,5.15
P03,P03,Europe,SP18,UK,5.15
P03,P03,Europe,SP19,UK,5.15
P03,P03,Europe,SP22,UK,5.15
P19,P19,Americas,SP01,USA,5.04
P19,P19,Americas,SP02,Canada,5.04
P19,P19,Americas,SP02,USA,5.04
P19,P19,Americas,SP04,USA,5.04
P19,P19,Americas,SP05,Canada,5.04
P19,P19,Americas,SP05,USA,5.04
P19,P19,Americas,SP06,USA,5.04
P19,P19,Americas,SP07,USA,5.04
P19,P19,Americas,SP08,Canada,5.04
P19,P19,Americas,SP09,Canada,5.04
P19,P19,Americas,SP09,USA,5.04
P19,P19,Americas,SP10,Canada,5.04
P19,P19,Americas,SP10,USA,5.04
P19,P19,Americas,SP11,Canada,5.04
P19,P19,Americas,SP11,USA,5.04
P19,P19,Americas,SP12,Canada,5.04
P19,P19,Americas,SP12,USA,5.04
P19,P19,Americas,SP13,USA,5.04
P19,P19,Americas,SP14,USA,5.04
P19,P19,Americas,SP15,Canada,5.04
P19,P19,Americas,SP15,USA,5.04
P19,P19,Americas,SP17,USA,5.04
P19,P19,Americas,SP18,USA,5.04
P19,P19,Americas,SP19,USA,5.04
P19,P19,Americas,SP22,Canada,5.04
P19,P19,Americas,SP22,USA,5.04
P19,P19,Americas,SP23,Canada,5.04
P19,P19,Americas,SP23,USA,5.04
P19,P19,Americas,SP24,Canada,5.04
P19,P19,APAC,SP01,Australia,5.04
P19,P19,APAC,SP01,India,5.04
P19,P19,APAC,SP01,New Zealand,5.04
P19,P19,APAC,SP02,Australia,5.04
P19,P19,APAC,SP02,India,5.04
P19,P19,APAC,SP02,New Zealand,5.04
P19,P19,APAC,SP03,India,5.04
P19,P19,APAC,SP03,New Zealand,5.04
P19,P19,APAC,SP04,India,5.04
P19,P19,APAC,SP05,Australia,5.04
P19,P19,APAC,SP05,New Zealand,5.04
P19,P19,APAC,SP06,Australia,5.04
P19,P19,APAC,SP06,India,5.04
P19,P19,APAC,SP06,New Zealand,5.04
P19,P19,APAC,SP07,Australia,5.04
P19,P19,APAC,SP07,India,5.04
P19,P19,APAC,SP08,Australia,5.04
P19,P19,APAC,SP08,India,5.04
P19,P19,APAC,SP08,New Zealand,5.04
P19,P19,APAC,SP09,Australia,5.04
P19,P19,APAC,SP09,India,5.04
P19,P19,APAC,SP09,New Zealand,5.04
P19,P19,APAC,SP10,Australia,5.04
P19,P19,APAC,SP10,India,5.04
P19,P19,APAC,SP10,New Zealand,5.04
P19,P19,APAC,SP11,Australia,5.04
P19,P19,APAC,SP11,India,5.04
P19,P19,APAC,SP12,Australia,5.04
P19,P19,APAC,SP12,India,5.04
P19,P19,APAC,SP12,New Zealand,5.04
P19,P19,APAC,SP13,Australia,5.04
P19,P19,APAC,SP13,India,5.04
P19,P19,APAC,SP13,New Zealand,5.04
P19,P19,APAC,SP14,India,5.04
P19,P19,APAC,SP15,Australia,5.04
P19,P19,APAC,SP15,India,5.04
P19,P19,APAC,SP15,New Zealand,5.04
P19,P19,APAC,SP16,Australia,5.04
P19,P19,APAC,SP16,India,5.04
P19,P19,APAC,SP17,Australia,5.04
P19,P19,APAC,SP17,India,5.04
P19,P19,APAC,SP17,New Zealand,5.04
P19,P19,APAC,SP18,Australia,5.04
P19,P19,APAC,SP18,India,5.04
P19,P19,APAC,SP18,New Zealand,5.04
P19,P19,APAC,SP19,Australia,5.04
P19,P19,APAC,SP19,India,5.04
P19,P19,APAC,SP20,Australia,5.04
P19,P19,APAC,SP20,India,5.04
P19,P19,APAC,SP21,Australia,5.04
P19,P19,APAC,SP21,India,5.04
P19,P19,APAC,SP22,Australia,5.04
P19,P19,APAC,SP22,India,5.04
P19,P19,APAC,SP22,New Zealand,5.04
P19,P19,APAC,SP23,Australia,5.04
P19,P19,APAC,SP23,India,5.04
P19,P19,APAC,SP23,New Zealand,5.04
P19,P19,APAC,SP24,Australia,5.04
P19,P19,APAC,SP25,Australia,5.04
P19,P19,APAC,SP25,New Zealand,5.04
P19,P19,Europe,SP01,UK,5.04
P19,P19,Europe,SP02,UK,5.04
P19,P19,Europe,SP03,UK,5.04
P19,P19,Europe,SP04,UK,5.04
P19,P19,Europe,SP06,UK,5.04
P19,P19,Europe,SP07,UK,5.04
P19,P19,Europe,SP08,UK,5.04
P19,P19,Europe,SP09,UK,5.04
P19,P19,Europe,SP10,UK,5.04
P19,P19,Europe,SP11,UK,5.04
P19,P19,Europe,SP12,UK,5.04
P19,P19,Europe,SP13,UK,5.04
P19,P19,Europe,SP14,UK,5.04
P19,P19,Europe,SP15,UK,5.04
P19,P19,Europe,SP16,UK,5.04
P19,P19,Europe,SP18,UK,5.04
P19,P19,Europe,SP20,UK,5.04
P19,P19,Europe,SP23,UK,5.04
P19,P19,Europe,SP24,UK,5.04
P12,P12,Americas,SP01,Canada,4.74
P12,P12,Americas,SP01,USA,4.74
P12,P12,Americas,SP02,Canada,4.74
P12,P12,Americas,SP02,USA,4.74
P12,P12,Americas,SP03,Canada,4.74
P12,P12,Americas,SP03,USA,4.74
P12,P12,Americas,SP04,Canada,4.74
P12,P12,Americas,SP05,USA,4.74
P12,P12,Americas,SP06,Canada,4.74
P12,P12,Americas,SP06,USA,4.74
P12,P12,Americas,SP07,Canada,4.74
P12,P12,Americas,SP07,USA,4.74
P12,P12,Americas,SP08,USA,4.74
P12,P12,Americas,SP09,USA,4.74
P12,P12,Americas,SP10,Canada,4.74
P12,P12,Americas,SP10,USA,4.74
P12,P12,Americas,SP11,USA,4.74
P12,P12,Americas,SP12,Canada,4.74
P12,P12,Americas,SP12,USA,4.74
P12,P12,Americas,SP13,Canada,4.74
P12,P12,Americas,SP13,USA,4.74
P12,P12,Americas,SP14,USA,4.74
P12,P12,Americas,SP15,USA,4.74
P12,P12,Americas,SP16,Canada,4.74
P12,P12,Americas,SP16,USA,4.74
P12,P12,Americas,SP17,USA,4.74
P12,P12,Americas,SP18,USA,4.74
P12,P12,Americas,SP19,Canada,4.74
P12,P12,Americas,SP19,USA,4.74
P12,P12,Americas,SP20,USA,4.74
P12,P12,Americas,SP21,Canada,4.74
P12,P12,Americas,SP21,USA,4.74
P12,P12,Americas,SP22,Canada,4.74
P12,P12,Americas,SP22,USA,4.74
P12,P12,Americas,SP23,USA,4.74
P12,P12,Americas,SP24,USA,4.74
P12,P12,Americas,SP25,USA,4.74
P12,P12,APAC,SP01,Australia,4.74
P12,P12,APAC,SP01,India,4.74
P12,P12,APAC,SP01,New Zealand,4.74
P12,P12,APAC,SP02,Australia,4.74
P12,P12,APAC,SP02,India,4.74
P12,P12,APAC,SP02,New Zealand,4.74
P12,P12,APAC,SP03,Australia,4.74
P12,P12,APAC,SP03,India,4.74
P12,P12,APAC,SP03,New Zealand,4.74
P12,P12,APAC,SP04,Australia,4.74
P12,P12,APAC,SP04,India,4.74
P12,P12,APAC,SP05,Australia,4.74
P12,P12,APAC,SP05,India,4.74
P12,P12,APAC,SP05,New Zealand,4.74
P12,P12,APAC,SP06,Australia,4.74
P12,P12,APAC,SP06,India,4.74
P12,P12,APAC,SP06,New Zealand,4.74
P12,P12,APAC,SP07,Australia,4.74
P12,P12,APAC,SP07,India,4.74
P12,P12,APAC,SP07,New Zealand,4.74
P12,P12,APAC,SP08,Australia,4.74
P12,P12,APAC,SP08,India,4.74
P12,P12,APAC,SP08,New Zealand,4.74
P12,P12,APAC,SP09,Australia,4.74
P12,P12,APAC,SP09,India,4.74
P12,P12,APAC,SP09,New Zealand,4.74
P12,P12,APAC,SP10,Australia,4.74
P12,P12,APAC,SP10,India,4.74
P12,P12,APAC,SP10,New Zealand,4.74
P12,P12,APAC,SP11,Australia,4.74
P12,P12,APAC,SP11,India,4.74
P12,P12,APAC,SP11,New Zealand,4.74
P12,P12,APAC,SP12,Australia,4.74
P12,P12,APAC,SP12,India,4.74
P12,P12,APAC,SP12,New Zealand,4.74
P12,P12,APAC,SP13,Australia,4.74
P12,P12,APAC,SP13,India,4.74
P12,P12,APAC,SP13,New Zealand,4.74
P12,P12,APAC,SP14,India,4.74
P12,P12,APAC,SP15,Australia,4.74
P12,P12,APAC,SP15,India,4.74
P12,P12,APAC,SP15,New Zealand,4.74
P12,P12,APAC,SP16,Australia,4.74
P12,P12,APAC,SP17,Australia,4.74
P12,P12,APAC,SP17,India,4.74
P12,P12,APAC,SP17,New Zealand,4.74
P12,P12,APAC,SP18,Australia,4.74
P12,P12,APAC,SP18,India,4.74
P12,P12,APAC,SP18,New Zealand,4.74
P12,P12,APAC,SP19,Australia,4.74
P12,P12,APAC,SP19,India,4.74
P12,P12,APAC,SP19,New Zealand,4.74
P12,P12,APAC,SP20,New Zealand,4.74
P12,P12,APAC,SP21,Australia,4.74
P12,P12,APAC,SP21,India,4.74
P12,P12,APAC,SP21,New Zealand,4.74
P12,P12,APAC,SP22,Australia,4.74
P12,P12,APAC,SP22,India,4.74
P12,P12,APAC,SP22,New Zealand,4.74
P12,P12,APAC,SP23,Australia,4.74
P12,P12,APAC,SP23,India,4.74
P12,P12,APAC,SP24,Australia,4.74
P12,P12,APAC,SP24,New Zealand,4.74
P12,P12,APAC,SP25,Australia,4.74
P12,P12,APAC,SP25,India,4.74
P12,P12,Europe,SP01,UK,4.74
P12,P12,Europe,SP02,UK,4.74
P12,P12,Europe,SP03,UK,4.74
P12,P12,Europe,SP04,UK,4.74
P12,P12,Europe,SP05,UK,4.74
P12,P12,Europe,SP06,UK,4.74
P12,P12,Europe,SP07,UK,4.74
P12,P12,Europe,SP08,UK,4.74
P12,P12,Europe,SP09,UK,4.74
P12,P12,Europe,SP10,UK,4.74
P12,P12,Europe,SP12,UK,4.74
P12,P12,Europe,SP13,UK,4.74
P12,P12,Europe,SP15,UK,4.74
P12,P12,Europe,SP16,UK,4.74
P12,P12,Europe,SP17,UK,4.74
P12,P12,Europe,SP18,UK,4.74
P12,P12,Europe,SP19,UK,4.74
P12,P12,Europe,SP20,UK,4.74
P12,P12,Europe,SP21,UK,4.74
P12,P12,Europe,SP22,UK,4.74
P12,P12,Europe,SP23,UK,4.74
P12,P12,Europe,SP24,UK,4.74
P12,P12,Europe,SP25,UK,4.74
P04,P04,Americas,SP01,Canada,3.85
P04,P04,Americas,SP01,USA,3.85
P04,P04,Americas,SP02,Canada,3.85
P04,P04,Americas,SP02,USA,3.85
P04,P04,Americas,SP03,Canada,3.85
P04,P04,Americas,SP03,USA,3.85
P04,P04,Americas,SP04,Canada,3.85
P04,P04,Americas,SP04,USA,3.85
P04,P04,Americas,SP05,USA,3.85
P04,P04,Americas,SP06,Canada,3.85
P04,P04,Americas,SP06,USA,3.85
P04,P04,Americas,SP07,Canada,3.85
P04,P04,Americas,SP07,USA,3.85
P04,P04,Americas,SP08,Canada,3.85
P04,P04,Americas,SP08,USA,3.85
P04,P04,Americas,SP09,Canada,3.85
P04,P04,Americas,SP09,USA,3.85
P04,P04,Americas,SP10,Canada,3.85
P04,P04,Americas,SP10,USA,3.85
P04,P04,Americas,SP11,Canada,3.85
P04,P04,Americas,SP11,USA,3.85
P04,P04,Americas,SP12,Canada,3.85
P04,P04,Americas,SP12,USA,3.85
P04,P04,Americas,SP13,Canada,3.85
P04,P04,Americas,SP13,USA,3.85
P04,P04,Americas,SP14,Canada,3.85
P04,P04,Americas,SP14,USA,3.85
P04,P04,Americas,SP15,USA,3.85
P04,P04,Americas,SP16,USA,3.85
P04,P04,Americas,SP17,Canada,3.85
P04,P04,Americas,SP17,USA,3.85
P04,P04,Americas,SP18,Canada,3.85
P04,P04,Americas,SP18,USA,3.85
P04,P04,Americas,SP19,Canada,3.85
P04,P04,Americas,SP19,USA,3.85
P04,P04,Americas,SP20,Canada,3.85
P04,P04,Americas,SP20,USA,3.85
P04,P04,Americas,SP21,Canada,3.85
P04,P04,Americas,SP21,USA,3.85
P04,P04,Americas,SP22,USA,3.85
P04,P04,Americas,SP23,Canada,3.85
P04,P04,Americas,SP23,USA,3.85
P04,P04,Americas,SP24,USA,3.85
P04,P04,Americas,SP25,USA,3.85
P04,P04,APAC,SP01,Australia,3.85
P04,P04,APAC,SP01,India,3.85
P04,P04,APAC,SP01,New Zealand,3.85
P04,P04,APAC,SP02,Australia,3.85
P04,P04,APAC,SP02,India,3.85
P04,P04,APAC,SP02,New Zealand,3.85
P04,P04,APAC,SP03,Australia,3.85
P04,P04,APAC,SP03,India,3.85
P04,P04,APAC,SP03,New Zealand,3.85
P04,P04,APAC,SP04,Australia,3.85
P04,P04,APAC,SP04,India,3.85
P04,P04,APAC,SP04,New Zealand,3.85
P04,P04,APAC,SP05,Australia,3.85
P04,P04,APAC,SP05,India,3.85
P04,P04,APAC,SP05,New Zealand,3.85
P04,P04,APAC,SP06,Australia,3.85
P04,P04,APAC,SP06,India,3.85
P04,P04,APAC,SP06,New Zealand,3.85
P04,P04,APAC,SP07,Australia,3.85
P04,P04,APAC,SP07,India,3.85
P04,P04,APAC,SP07,New Zealand,3.85
P04,P04,APAC,SP08,Australia,3.85
P04,P04,APAC,SP08,India,3.85
P04,P04,APAC,SP08,New Zealand,3.85
P04,P04,APAC,SP09,Australia,3.85
P04,P04,APAC,SP09,India,3.85
P04,P04,APAC,SP09,New Zealand,3.85
P04,P04,APAC,SP10,Australia,3.85
P04,P04,APAC,SP10,India,3.85
P04,P04,APAC,SP10,New Zealand,3.85
P04,P04,APAC,SP11,Australia,3.85
P04,P04,APAC,SP11,India,3.85
P04,P04,APAC,SP11,New Zealand,3.85
P04,P04,APAC,SP12,India,3.85
P04,P04,APAC,SP12,New Zealand,3.85
P04,P04,APAC,SP13,Australia,3.85
P04,P04,APAC,SP13,India,3.85
P04,P04,APAC,SP13,New Zealand,3.85
P04,P04,APAC,SP14,Australia,3.85
P04,P04,APAC,SP14,India,3.85
P04,P04,APAC,SP15,Australia,3.85
P04,P04,APAC,SP15,India,3.85
P04,P04,APAC,SP15,New Zealand,3.85
P04,P04,APAC,SP16,Australia,3.85
P04,P04,APAC,SP16,India,3.85
P04,P04,APAC,SP16,New Zealand,3.85
P04,P04,APAC,SP17,Australia,3.85
P04,P04,APAC,SP17,India,3.85
P04,P04,APAC,SP17,New Zealand,3.85
P04,P04,APAC,SP18,Australia,3.85
P04,P04,APAC,SP18,India,3.85
P04,P04,APAC,SP18,New Zealand,3.85
P04,P04,APAC,SP19,India,3.85
P04,P04,APAC,SP19,New Zealand,3.85
P04,P04,APAC,SP20,India,3.85
P04,P04,APAC,SP21,Australia,3.85
P04,P04,APAC,SP21,India,3.85
P04,P04,APAC,SP22,Australia,3.85
P04,P04,APAC,SP22,India,3.85
P04,P04,APAC,SP22,New Zealand,3.85
P04,P04,APAC,SP23,Australia,3.85
P04,P04,APAC,SP23,India,3.85
P04,P04,APAC,SP23,New Zealand,3.85
P04,P04,APAC,SP24,Australia,3.85
P04,P04,APAC,SP24,India,3.85
P04,P04,APAC,SP25,Australia,3.85
P04,P04,APAC,SP25,India,3.85
P04,P04,Europe,SP01,UK,3.85
P04,P04,Europe,SP02,UK,3.85
P04,P04,Europe,SP03,UK,3.85
P04,P04,Europe,SP04,UK,3.85
P04,P04,Europe,SP05,UK,3.85
P04,P04,Europe,SP06,UK,3.85
P04,P04,Europe,SP07,UK,3.85
P04,P04,Europe,SP08,UK,3.85
P04,P04,Europe,SP09,UK,3.85
P04,P04,Europe,SP10,UK,3.85
P04,P04,Europe,SP11,UK,3.85
P04,P04,Europe,SP12,UK,3.85
P04,P04,Europe,SP13,UK,3.85
P04,P04,Europe,SP14,UK,3.85
P04,P04,Europe,SP15,UK,3.85
P04,P04,Europe,SP16,UK,3.85
P04,P04,Europe,SP17,UK,3.85
P04,P04,Europe,SP18,UK,3.85
P04,P04,Europe,SP19,UK,3.85
P04,P04,Europe,SP20,UK,3.85
P04,P04,Europe,SP21,UK,3.85
P04,P04,Europe,SP22,UK,3.85
P04,P04,Europe,SP23,UK,3.85
P04,P04,Europe,SP24,UK,3.85
P04,P04,Europe,SP25,UK,3.85
P09,P09,Americas,SP01,Canada,3.68
P09,P09,Americas,SP01,USA,3.68
P09,P09,Americas,SP02,USA,3.68
P09,P09,Americas,SP03,USA,3.68
P09,P09,Americas,SP05,USA,3.68
P09,P09,Americas,SP06,Canada,3.68
P09,P09,Americas,SP06,USA,3.68
P09,P09,Americas,SP07,Canada,3.68
P09,P09,Americas,SP07,USA,3.68
P09,P09,Americas,SP08,Canada,3.68
P09,P09,Americas,SP09,USA,3.68
P09,P09,Americas,SP10,USA,3.68
P09,P09,Americas,SP11,USA,3.68
P09,P09,Americas,SP12,Canada,3.68
P09,P09,Americas,SP13,USA,3.68
P09,P09,Americas,SP17,USA,3.68
P09,P09,Americas,SP18,USA,3.68
P09,P09,Americas,SP19,Canada,3.68
P09,P09,Americas,SP19,USA,3.68
P09,P09,Americas,SP22,Canada,3.68
P09,P09,APAC,SP01,Australia,3.68
P09,P09,APAC,SP01,India,3.68
P09,P09,APAC,SP01,New Zealand,3.68
P09,P09,APAC,SP02,Australia,3.68
P09,P09,APAC,SP02,India,3.68
P09,P09,APAC,SP03,India,3.68
P09,P09,APAC,SP04,India,3.68
P09,P09,APAC,SP04,New Zealand,3.68
P09,P09,APAC,SP05,Australia,3.68
P09,P09,APAC,SP05,India,3.68
P09,P09,APAC,SP07,India,3.68
P09,P09,APAC,SP08,Australia,3.68
P09,P09,APAC,SP08,India,3.68
P09,P09,APAC,SP08,New Zealand,3.68
P09,P09,APAC,SP09,India,3.68
P09,P09,APAC,SP10,New Zealand,3.68
P09,P09,APAC,SP11,Australia,3.68
P09,P09,APAC,SP13,India,3.68
P09,P09,APAC,SP13,New Zealand,3.68
P09,P09,APAC,SP14,India,3.68
P09,P09,APAC,SP14,New Zealand,3.68
P09,P09,APAC,SP15,Australia,3.68
P09,P09,APAC,SP16,Australia,3.68
P09,P09,APAC,SP17,Australia,3.68
P09,P09,APAC,SP18,Australia,3.68
P09,P09,APAC,SP18,India,3.68
P09,P09,APAC,SP19,Australia,3.68
P09,P09,APAC,SP21,India,3.68
P09,P09,APAC,SP22,India,3.68
P09,P09,APAC,SP23,India,3.68
P09,P09,APAC,SP24,New Zealand,3.68
P09,P09,APAC,SP25,Australia,3.68
P09,P09,Europe,SP01,UK,3.68
P09,P09,Europe,SP03,UK,3.68
P09,P09,Europe,SP05,UK,3.68
P09,P09,Europe,SP06,UK,3.68
P09,P09,Europe,SP07,UK,3.68
P09,P09,Europe,SP08,UK,3.68
P09,P09,Europe,SP09,UK,3.68
P09,P09,Europe,SP10,UK,3.68
P09,P09,Europe,SP11,UK,3.68
P09,P09,Europe,SP12,UK,3.68
P09,P09,Europe,SP16,UK,3.68
P09,P09,Europe,SP17,UK,3.68
P09,P09,Europe,SP20,UK,3.68
P09,P09,Europe,SP21,UK,3.68
P09,P09,Europe,SP22,UK,3.68
P09,P09,Europe,SP24,UK,3.68
P09,P09,Europe,SP25,UK,3.68
P21,P21,Americas,SP01,Canada,3.32
P21,P21,Americas,SP01,USA,3.32
P21,P21,Americas,SP02,USA,3.32
P21,P21,Americas,SP03,USA,3.32
P21,P21,Americas,SP04,USA,3.32
P21,P21,Americas,SP06,Canada,3.32
P21,P21,Americas,SP06,USA,3.32
P21,P21,Americas,SP07,Canada,3.32
P21,P21,Americas,SP07,USA,3.32
P21,P21,Americas,SP08,Canada,3.32
P21,P21,Americas,SP08,USA,3.32
P21,P21,Americas,SP09,Canada,3.32
P21,P21,Americas,SP09,USA,3.32
P21,P21,Americas,SP10,USA,3.32
P21,P21,Americas,SP11,Canada,3.32
P21,P21,Americas,SP11,USA,3.32
P21,P21,Americas,SP12,USA,3.32
P21,P21,Americas,SP13,Canada,3.32
P21,P21,Americas,SP13,USA,3.32
P21,P21,Americas,SP14,Canada,3.32
P21,P21,Americas,SP14,USA,3.32
P21,P21,Americas,SP15,Canada,3.32
P21,P21,Americas,SP15,USA,3.32
P21,P21,Americas,SP16,USA,3.32
P21,P21,Americas,SP17,Canada,3.32
P21,P21,Americas,SP17,USA,3.32
P21,P21,Americas,SP18,Canada,3.32
P21,P21,Americas,SP18,USA,3.32
P21,P21,Americas,SP19,USA,3.32
P21,P21,Americas,SP21,Canada,3.32
P21,P21,Americas,SP21,USA,3.32
P21,P21,Americas,SP22,USA,3.32
P21,P21,Americas,SP23,USA,3.32
P21,P21,Americas,SP24,USA,3.32
P21,P21,Americas,SP25,Canada,3.32
P21,P21,Americas,SP25,USA,3.32
P21,P21,APAC,SP01,Australia,3.32
P21,P21,APAC,SP01,India,3.32
P21,P21,APAC,SP01,New Zealand,3.32
P21,P21,APAC,SP02,Australia,3.32
P21,P21,APAC,SP02,India,3.32
P21,P21,APAC,SP02,New Zealand,3.32
P21,P21,APAC,SP03,Australia,3.32
P21,P21,APAC,SP03,India,3.32
P21,P21,APAC,SP03,New Zealand,3.32
P21,P21,APAC,SP04,Australia,3.32
P21,P21,APAC,SP04,India,3.32
P21,P21,APAC,SP04,New Zealand,3.32
P21,P21,APAC,SP05,India,3.32
P21,P21,APAC,SP06,Australia,3.32
P21,P21,APAC,SP06,India,3.32
P21,P21,APAC,SP06,New Zealand,3.32
P21,P21,APAC,SP07,Australia,3.32
P21,P21,APAC,SP07,India,3.32
P21,P21,APAC,SP07,New Zealand,3.32
P21,P21,APAC,SP08,Australia,3.32
P21,P21,APAC,SP08,India,3.32
P21,P21,APAC,SP08,New Zealand,3.32
P21,P21,APAC,SP09,Australia,3.32
P21,P21,APAC,SP09,India,3.32
P21,P21,APAC,SP09,New Zealand,3.32
P21,P21,APAC,SP10,Australia,3.32
P21,P21,APAC,SP10,India,3.32
P21,P21,APAC,SP10,New Zealand,3.32
P21,P21,APAC,SP11,Australia,3.32
P21,P21,APAC,SP11,India,3.32
P21,P21,APAC,SP12,Australia,3.32
P21,P21,APAC,SP12,India,3.32
P21,P21,APAC,SP12,New Zealand,3.32
P21,P21,APAC,SP13,Australia,3.32
P21,P21,APAC,SP13,India,3.32
P21,P21,APAC,SP13,New Zealand,3.32
P21,P21,APAC,SP14,Australia,3.32
P21,P21,APAC,SP14,India,3.32
P21,P21,APAC,SP15,India,3.32
P21,P21,APAC,SP15,New Zealand,3.32
P21,P21,APAC,SP16,Australia,3.32
P21,P21,APAC,SP16,India,3.32
P21,P21,APAC,SP16,New Zealand,3.32
P21,P21,APAC,SP17,Australia,3.32
P21,P21,APAC,SP17,India,3.32
P21,P21,APAC,SP17,New Zealand,3.32
P21,P21,APAC,SP18,Australia,3.32
P21,P21,APAC,SP18,India,3.32
P21,P21,APAC,SP19,Australia,3.32
P21,P21,APAC,SP19,India,3.32
P21,P21,APAC,SP19,New Zealand,3.32
P21,P21,APAC,SP20,Australia,3.32
P21,P21,APAC,SP20,New Zealand,3.32
P21,P21,APAC,SP21,Australia,3.32
P21,P21,APAC,SP21,India,3.32
P21,P21,APAC,SP21,New Zealand,3.32
P21,P21,APAC,SP22,Australia,3.32
P21,P21,APAC,SP22,India,3.32
P21,P21,APAC,SP22,New Zealand,3.32
P21,P21,APAC,SP23,Australia,3.32
P21,P21,APAC,SP23,India,3.32
P21,P21,APAC,SP23,New Zealand,3.32
P21,P21,APAC,SP24,India,3.32
P21,P21,APAC,SP24,New Zealand,3.32
P21,P21,APAC,SP25,India,3.32
P21,P21,Europe,SP01,UK,3.32
P21,P21,Europe,SP02,UK,3.32
P21,P21,Europe,SP03,UK,3.32
P21,P21,Europe,SP05,UK,3.32
P21,P21,Europe,SP06,UK,3.32
P21,P21,Europe,SP07,UK,3.32
P21,P21,Europe,SP08,UK,3.32
P21,P21,Europe,SP09,UK,3.32
P21,P21,Europe,SP10,UK,3.32
P21,P21,Europe,SP11,UK,3.32
P21,P21,Europe,SP12,UK,3.32
P21,P21,Europe,SP13,UK,3.32
P21,P21,Europe,SP14,UK,3.32
P21,P21,Europe,SP15,UK,3.32
P21,P21,Europe,SP16,UK,3.32
P21,P21,Europe,SP17,UK,3.32
P21,P21,Europe,SP18,UK,3.32
P21,P21,Europe,SP19,UK,3.32
P21,P21,Europe,SP20,UK,3.32
P21,P21,Europe,SP21,UK,3.32
P21,P21,Europe,SP22,UK,3.32
P21,P21,Europe,SP23,UK,3.32
P21,P21,Europe,SP24,UK,3.32
P21,P21,Europe,SP25,UK,3.32
P20,P20,Americas,SP01,Canada,2.76
P20,P20,Americas,SP01,USA,2.76
P20,P20,Americas,SP02,Canada,2.76
P20,P20,Americas,SP02,USA,2.76
P20,P20,Americas,SP03,USA,2.76
P20,P20,Americas,SP04,Canada,2.76
P20,P20,Americas,SP04,USA,2.76
P20,P20,Americas,SP06,USA,2.76
P20,P20,Americas,SP07,USA,2.76
P20,P20,Americas,SP08,Canada,2.76
P20,P20,Americas,SP09,USA,2.76
P20,P20,Americas,SP10,Canada,2.76
P20,P20,Americas,SP11,USA,2.76
P20,P20,Americas,SP12,Canada,2.76
P20,P20,Americas,SP12,USA,2.76
P20,P20,Americas,SP13,Canada,2.76
P20,P20,Americas,SP13,USA,2.76
P20,P20,Americas,SP14,Canada,2.76
P20,P20,Americas,SP15,Canada,2.76
P20,P20,Americas,SP16,USA,2.76
P20,P20,Americas,SP17,Canada,2.76
P20,P20,Americas,SP17,USA,2.76
P20,P20,Americas,SP18,USA,2.76
P20,P20,Americas,SP20,Canada,2.76
P20,P20,Americas,SP21,USA,2.76
P20,P20,Americas,SP22,Canada,2.76
P20,P20,Americas,SP22,USA,2.76
P20,P20,Americas,SP23,Canada,2.76
P20,P20,Americas,SP23,USA,2.76
P20,P20,Americas,SP25,USA,2.76
P20,P20,APAC,SP01,Australia,2.76
P20,P20,APAC,SP01,India,2.76
P20,P20,APAC,SP01,New Zealand,2.76
P20,P20,APAC,SP02,Australia,2.76
P20,P20,APAC,SP02,India,2.76
P20,P20,APAC,SP03,Australia,2.76
P20,P20,APAC,SP03,India,2.76
P20,P20,APAC,SP03,New Zealand,2.76
P20,P20,APAC,SP04,India,2.76
P20,P20,APAC,SP04,New Zealand,2.76
P20,P20,APAC,SP05,Australia,2.76
P20,P20,APAC,SP05,India,2.76
P20,P20,APAC,SP06,Australia,2.76
P20,P20,APAC,SP06,India,2.76
P20,P20,APAC,SP06,New Zealand,2.76
P20,P20,APAC,SP07,Australia,2.76
P20,P20,APAC,SP07,India,2.76
P20,P20,APAC,SP07,New Zealand,2.76
P20,P20,APAC,SP08,Australia,2.76
P20,P20,APAC,SP08,India,2.76
P20,P20,APAC,SP08,New Zealand,2.76
P20,P20,APAC,SP09,Australia,2.76
P20,P20,APAC,SP09,India,2.76
P20,P20,APAC,SP09,New Zealand,2.76
P20,P20,APAC,SP10,Australia,2.76
P20,P20,APAC,SP10,India,2.76
P20,P20,APAC,SP10,New Zealand,2.76
P20,P20,APAC,SP11,Australia,2.76
P20,P20,APAC,SP11,India,2.76
P20,P20,APAC,SP12,Australia,2.76
P20,P20,APAC,SP12,India,2.76
P20,P20,APAC,SP12,New Zealand,2.76
P20,P20,APAC,SP13,Australia,2.76
P20,P20,APAC,SP13,India,2.76
P20,P20,APAC,SP13,New Zealand,2.76
P20,P20,APAC,SP15,Australia,2.76
P20,P20,APAC,SP16,Australia,2.76
P20,P20,APAC,SP16,India,2.76
P20,P20,APAC,SP17,Australia,2.76
P20,P20,APAC,SP17,India,2.76
P20,P20,APAC,SP17,New Zealand,2.76
P20,P20,APAC,SP18,Australia,2.76
P20,P20,APAC,SP18,India,2.76
P20,P20,APAC,SP18,New Zealand,2.76
P20,P20,APAC,SP19,Australia,2.76
P20,P20,APAC,SP19,India,2.76
P20,P20,APAC,SP20,Australia,2.76
P20,P20,APAC,SP20,India,2.76
P20,P20,APAC,SP21,Australia,2.76
P20,P20,APAC,SP21,India,2.76
P20,P20,APAC,SP22,Australia,2.76
P20,P20,APAC,SP22,India,2.76
P20,P20,APAC,SP22,New Zealand,2.76
P20,P20,APAC,SP23,Australia,2.76
P20,P20,APAC,SP23,India,2.76
P20,P20,APAC,SP24,India,2.76
P20,P20,APAC,SP24,New Zealand,2.76
P20,P20,APAC,SP25,Australia,2.76
P20,P20,APAC,SP25,India,2.76
P20,P20,Europe,SP01,UK,2.76
P20,P20,Europe,SP02,UK,2.76
P20,P20,Europe,SP03,UK,2.76
P20,P20,Europe,SP04,UK,2.76
P20,P20,Europe,SP06,UK,2.76
P20,P20,Europe,SP07,UK,2.76
P20,P20,Europe,SP08,UK,2.76
P20,P20,Europe,SP11,UK,2.76
P20,P20,Europe,SP12,UK,2.76
P20,P20,Europe,SP13,UK,2.76
P20,P20,Europe,SP16,UK,2.76
P20,P20,Europe,SP17,UK,2.76
P20,P20,Europe,SP18,UK,2.76
P20,P20,Europe,SP19,UK,2.76
P20,P20,Europe,SP21,UK,2.76
P20,P20,Europe,SP22,UK,2.76
P20,P20,Europe,SP23,UK,2.76
P20,P20,Europe,SP24,UK,2.76
P20,P20,Europe,SP25,UK,2.76
P22,P22,Americas,SP01,Canada,2.65
P22,P22,Americas,SP01,USA,2.65
P22,P22,Americas,SP02,Canada,2.65
P22,P22,Americas,SP02,USA,2.65
P22,P22,Americas,SP03,Canada,2.65
P22,P22,Americas,SP03,USA,2.65
P22,P22,Americas,SP04,Canada,2.65
P22,P22,Americas,SP04,USA,2.65
P22,P22,Americas,SP05,Canada,2.65
P22,P22,Americas,SP05,USA,2.65
P22,P22,Americas,SP06,Canada,2.65
P22,P22,Americas,SP06,USA,2.65
P22,P22,Americas,SP07,Canada,2.65
P22,P22,Americas,SP07,USA,2.65
P22,P22,Americas,SP08,Canada,2.65
P22,P22,Americas,SP08,USA,2.65
P22,P22,Americas,SP09,Canada,2.65
P22,P22,Americas,SP09,USA,2.65
P22,P22,Americas,SP10,Canada,2.65
P22,P22,Americas,SP10,USA,2.65
P22,P22,Americas,SP11,USA,2.65
P22,P22,Americas,SP12,Canada,2.65
P22,P22,Americas,SP12,USA,2.65
P22,P22,Americas,SP13,USA,2.65
P22,P22,Americas,SP14,USA,2.65
P22,P22,Americas,SP15,Canada,2.65
P22,P22,Americas,SP15,USA,2.65
P22,P22,Americas,SP16,Canada,2.65
P22,P22,Americas,SP16,USA,2.65
P22,P22,Americas,SP17,USA,2.65
P22,P22,Americas,SP18,Canada,2.65
P22,P22,Americas,SP18,USA,2.65
P22,P22,Americas,SP19,USA,2.65
P22,P22,Americas,SP20,USA,2.65
P22,P22,Americas,SP21,Canada,2.65
P22,P22,Americas,SP21,USA,2.65
P22,P22,Americas,SP22,Canada,2.65
P22,P22,Americas,SP22,USA,2.65
P22,P22,Americas,SP23,Canada,2.65
P22,P22,Americas,SP23,USA,2.65
P22,P22,APAC,SP01,Australia,2.65
P22,P22,APAC,SP01,India,2.65
P22,P22,APAC,SP01,New Zealand,2.65
P22,P22,APAC,SP02,Australia,2.65
P22,P22,APAC,SP02,India,2.65
P22,P22,APAC,SP02,New Zealand,2.65
P22,P22,APAC,SP03,Australia,2.65
P22,P22,APAC,SP03,India,2.65
P22,P22,APAC,SP03,New Zealand,2.65
P22,P22,APAC,SP04,India,2.65
P22,P22,APAC,SP04,New Zealand,2.65
P22,P22,APAC,SP05,Australia,2.65
P22,P22,APAC,SP05,India,2.65
P22,P22,APAC,SP05,New Zealand,2.65
P22,P22,APAC,SP06,Australia,2.65
P22,P22,APAC,SP06,India,2.65
P22,P22,APAC,SP06,New Zealand,2.65
P22,P22,APAC,SP07,Australia,2.65
P22,P22,APAC,SP07,India,2.65
P22,P22,APAC,SP07,New Zealand,2.65
P22,P22,APAC,SP08,Australia,2.65
P22,P22,APAC,SP08,India,2.65
P22,P22,APAC,SP08,New Zealand,2.65
P22,P22,APAC,SP09,Australia,2.65
P22,P22,APAC,SP09,India,2.65
P22,P22,APAC,SP09,New Zealand,2.65
P22,P22,APAC,SP10,Australia,2.65
P22,P22,APAC,SP10,India,2.65
P22,P22,APAC,SP10,New Zealand,2.65
P22,P22,APAC,SP11,Australia,2.65
P22,P22,APAC,SP11,India,2.65
P22,P22,APAC,SP11,New Zealand,2.65
P22,P22,APAC,SP12,Australia,2.65
P22,P22,APAC,SP12,India,2.65
P22,P22,APAC,SP12,New Zealand,2.65
P22,P22,APAC,SP13,Australia,2.65
P22,P22,APAC,SP13,India,2.65
P22,P22,APAC,SP13,New Zealand,2.65
P22,P22,APAC,SP15,Australia,2.65
P22,P22,APAC,SP15,India,2.65
P22,P22,APAC,SP15,New Zealand,2.65
P22,P22,APAC,SP16,Australia,2.65
P22,P22,APAC,SP16,India,2.65
P22,P22,APAC,SP16,New Zealand,2.65
P22,P22,APAC,SP17,Australia,2.65
P22,P22,APAC,SP17,India,2.65
P22,P22,APAC,SP17,New Zealand,2.65
P22,P22,APAC,SP18,Australia,2.65
P22,P22,APAC,SP18,India,2.65
P22,P22,APAC,SP18,New Zealand,2.65
P22,P22,APAC,SP19,Australia,2.65
P22,P22,APAC,SP19,India,2.65
P22,P22,APAC,SP19,New Zealand,2.65
P22,P22,APAC,SP20,Australia,2.65
P22,P22,APAC,SP20,India,2.65
P22,P22,APAC,SP20,New Zealand,2.65
P22,P22,APAC,SP21,Australia,2.65
P22,P22,APAC,SP21,India,2.65
P22,P22,APAC,SP21,New Zealand,2.65
P22,P22,APAC,SP22,Australia,2.65
P22,P22,APAC,SP22,India,2.65
P22,P22,APAC,SP22,New Zealand,2.65
P22,P22,APAC,SP23,Australia,2.65
P22,P22,APAC,SP23,India,2.65
P22,P22,APAC,SP23,New Zealand,2.65
P22,P22,APAC,SP24,Australia,2.65
P22,P22,APAC,SP24,India,2.65
P22,P22,APAC,SP25,India,2.65
P22,P22,APAC,SP25,New Zealand,2.65
P22,P22,Europe,SP01,UK,2.65
P22,P22,Europe,SP02,UK,2.65
P22,P22,Europe,SP03,UK,2.65
P22,P22,Europe,SP04,UK,2.65
P22,P22,Europe,SP05,UK,2.65
P22,P22,Europe,SP06,UK,2.65
P22,P22,Europe,SP07,UK,2.65
P22,P22,Europe,SP08,UK,2.65
P22,P22,Europe,SP09,UK,2.65
P22,P22,Europe,SP10,UK,2.65
P22,P22,Europe,SP11,UK,2.65
P22,P22,Europe,SP12,UK,2.65
P22,P22,Europe,SP13,UK,2.65
P22,P22,Europe,SP14,UK,2.65
P22,P22,Europe,SP15,UK,2.65
P22,P22,Europe,SP16,UK,2.65
P22,P22,Europe,SP17,UK,2.65
P22,P22,Europe,SP18,UK,2.65
P22,P22,Europe,SP19,UK,2.65
P22,P22,Europe,SP20,UK,2.65
P22,P22,Europe,SP21,UK,2.65
P22,P22,Europe,SP22,UK,2.65
P22,P22,Europe,SP23,UK,2.65
P22,P22,Europe,SP24,UK,2.65
